-- MySQL dump 10.13  Distrib 5.7.11, for Win64 (x86_64)
--
-- Host: localhost    Database: seatmanagement
-- ------------------------------------------------------
-- Server version	5.7.11-log

/*!40101 SET @OLD_CHARACTER_SET_CLIENT=@@CHARACTER_SET_CLIENT */;
/*!40101 SET @OLD_CHARACTER_SET_RESULTS=@@CHARACTER_SET_RESULTS */;
/*!40101 SET @OLD_COLLATION_CONNECTION=@@COLLATION_CONNECTION */;
/*!40101 SET NAMES utf8 */;
/*!40103 SET @OLD_TIME_ZONE=@@TIME_ZONE */;
/*!40103 SET TIME_ZONE='+00:00' */;
/*!40014 SET @OLD_UNIQUE_CHECKS=@@UNIQUE_CHECKS, UNIQUE_CHECKS=0 */;
/*!40014 SET @OLD_FOREIGN_KEY_CHECKS=@@FOREIGN_KEY_CHECKS, FOREIGN_KEY_CHECKS=0 */;
/*!40101 SET @OLD_SQL_MODE=@@SQL_MODE, SQL_MODE='NO_AUTO_VALUE_ON_ZERO' */;
/*!40111 SET @OLD_SQL_NOTES=@@SQL_NOTES, SQL_NOTES=0 */;

--
-- Table structure for table `route`
--

CREATE DATABASE seatmanagement;

USE seatmanagement;

CREATE USER 'seatmanagement'@'%' IDENTIFIED BY 'seat';
CREATE USER 'seatoverview'@'%' IDENTIFIED BY 'seat';
GRANT ALL ON seatmanagement.* TO 'seatmanagement'@'%';
GRANT SELECT ON seatmanagement.* TO 'seatoverview'@'%';

DROP TABLE IF EXISTS `route`;
/*!40101 SET @saved_cs_client     = @@character_set_client */;
/*!40101 SET character_set_client = utf8 */;
CREATE TABLE `route` (
  `id` int(11) NOT NULL AUTO_INCREMENT,
  PRIMARY KEY (`id`)
) ENGINE=InnoDB AUTO_INCREMENT=51 DEFAULT CHARSET=utf8;
/*!40101 SET character_set_client = @saved_cs_client */;

--
-- Dumping data for table `route`
--

LOCK TABLES `route` WRITE;
/*!40000 ALTER TABLE `route` DISABLE KEYS */;
INSERT INTO `route` VALUES (1),(2),(3),(4),(5),(6),(7),(8),(9),(10),(11),(12),(13),(14),(15),(16),(17),(18),(19),(20),(21),(22),(23),(24),(25),(26),(27),(28),(29),(30),(31),(32),(33),(34),(35),(36),(37),(38),(39),(40),(41),(42),(43),(44),(45),(46),(47),(48),(49),(50);
/*!40000 ALTER TABLE `route` ENABLE KEYS */;
UNLOCK TABLES;

--
-- Table structure for table `route_station`
--

DROP TABLE IF EXISTS `route_station`;
/*!40101 SET @saved_cs_client     = @@character_set_client */;
/*!40101 SET character_set_client = utf8 */;
CREATE TABLE `route_station` (
  `id` int(11) NOT NULL AUTO_INCREMENT,
  `route_id` int(11) NOT NULL,
  `station_id` int(11) NOT NULL,
  `time_of_stop` bigint(20) NOT NULL,
  `platform` int(11) DEFAULT NULL,
  PRIMARY KEY (`id`),
  UNIQUE KEY `unique_route_station` (`route_id`,`station_id`),
  KEY `fk_route_id_idx1` (`route_id`),
  KEY `fk_station_id_idx2` (`station_id`),
  CONSTRAINT `fk_route_id1` FOREIGN KEY (`route_id`) REFERENCES `route` (`id`) ON DELETE NO ACTION ON UPDATE NO ACTION,
  CONSTRAINT `fk_station_id1` FOREIGN KEY (`station_id`) REFERENCES `station` (`id`) ON DELETE NO ACTION ON UPDATE NO ACTION
) ENGINE=InnoDB AUTO_INCREMENT=74 DEFAULT CHARSET=utf8;
/*!40101 SET character_set_client = @saved_cs_client */;

--
-- Dumping data for table `route_station`
--

LOCK TABLES `route_station` WRITE;
/*!40000 ALTER TABLE `route_station` DISABLE KEYS */;
INSERT INTO `route_station` VALUES (1,1,1,0,2),(2,1,11,1440000,3),(3,1,12,2580000,2),(4,1,13,5040000,5),(5,1,14,7860000,6),(6,1,15,9360000,3),(7,1,16,12000000,11),(8,1,17,13260000,2),(9,1,6,15240000,4),(10,1,7,17220000,4),(11,1,8,20700000,8),(12,1,9,22740000,3),(13,1,10,24960000,19),(14,2,1,0,2),(15,2,2,2520000,2),(16,2,3,3540000,3),(17,2,4,4860000,13),(18,2,5,7860000,1),(19,2,6,12900000,4),(20,2,7,14820000,5),(21,2,8,18240000,8),(22,2,9,20220000,3),(23,2,10,22380000,18),(24,3,1,0,2),(25,3,14,5460000,6),(26,3,15,6840000,3),(27,3,16,8520000,10),(28,3,17,9780000,2),(29,3,6,11700000,4),(30,3,18,14160000,6),(31,3,19,15420000,9),(32,3,20,17820000,5),(33,3,21,20400000,15),(34,3,22,23760000,2),(35,3,23,26520000,4),(36,3,10,28440000,15),(37,4,19,0,3),(38,4,20,3420000,4),(39,4,24,4200000,7),(40,4,25,5400000,4),(41,4,26,7320000,10),(42,4,27,9540000,1),(43,4,28,10690000,4),(44,4,21,12420000,15),(45,4,29,13440000,6),(46,4,22,16380000,2),(47,4,30,17340000,2),(48,4,23,19380000,4),(49,4,10,21180000,15),(50,5,19,0,19),(51,5,21,7800000,15),(52,5,29,8760000,4),(53,5,31,9540000,5),(54,5,22,11820000,2),(55,5,30,12840000,2),(56,5,23,15060000,4),(57,5,10,17100000,13),(58,6,19,0,11),(59,6,7,5340000,6),(60,6,8,8580000,9),(61,6,9,10260000,3),(62,6,10,12660000,22),(63,7,19,0,7),(64,7,32,1800000,6),(65,7,7,4200000,4),(66,7,8,7680000,9),(67,7,10,11400000,23),(68,8,19,0,9),(69,8,20,2340000,5),(70,8,21,8760000,16),(71,8,22,9540000,2),(72,8,23,11820000,4),(73,8,10,17100000,18);
/*!40000 ALTER TABLE `route_station` ENABLE KEYS */;
UNLOCK TABLES;

--
-- Table structure for table `seat`
--

DROP TABLE IF EXISTS `seat`;
/*!40101 SET @saved_cs_client     = @@character_set_client */;
/*!40101 SET character_set_client = utf8 */;
CREATE TABLE `seat` (
  `id` int(11) NOT NULL AUTO_INCREMENT,
  `class` enum('1','2') NOT NULL DEFAULT '2',
  `area` enum('Handy','Ruhe') NOT NULL,
  `location` enum('Fenster','Gang') NOT NULL,
  `compartment_type` enum('Grossraum','Tisch','Abteil') NOT NULL,
  `upper_level` tinyint(1) NOT NULL,
  `state` varchar(45) DEFAULT 'ready',
  `wagon_id` int(11) NOT NULL,
  PRIMARY KEY (`id`),
  KEY `fk_wagon_id_idx1` (`wagon_id`),
  CONSTRAINT `fk_wagon_id1` FOREIGN KEY (`wagon_id`) REFERENCES `wagon` (`id`) ON DELETE NO ACTION ON UPDATE NO ACTION
) ENGINE=InnoDB AUTO_INCREMENT=9001 DEFAULT CHARSET=utf8;
/*!40101 SET character_set_client = @saved_cs_client */;

--
-- Dumping data for table `seat`
--

LOCK TABLES `seat` WRITE;
/*!40000 ALTER TABLE `seat` DISABLE KEYS */;
INSERT INTO `seat` VALUES (4501,'2','Ruhe','Fenster','Tisch',1,'ready',89),(4502,'2','Ruhe','Fenster','Tisch',0,'ready',81),(4503,'1','Handy','Gang','Tisch',0,'ready',36),(4504,'1','Handy','Gang','Tisch',0,'ready',12),(4505,'2','Ruhe','Fenster','Grossraum',0,'ready',25),(4506,'2','Handy','Fenster','Grossraum',0,'ready',47),(4507,'1','Ruhe','Fenster','Abteil',0,'ready',26),(4508,'2','Handy','Gang','Abteil',1,'ready',45),(4509,'1','Ruhe','Fenster','Abteil',1,'ready',33),(4510,'1','Handy','Fenster','Grossraum',0,'ready',53),(4511,'2','Handy','Fenster','Abteil',0,'ready',45),(4512,'1','Handy','Gang','Grossraum',0,'ready',51),(4513,'2','Ruhe','Fenster','Grossraum',0,'ready',5),(4514,'1','Ruhe','Gang','Grossraum',0,'ready',72),(4515,'2','Ruhe','Fenster','Abteil',0,'ready',8),(4516,'1','Handy','Gang','Tisch',0,'ready',11),(4517,'1','Ruhe','Fenster','Tisch',0,'ready',15),(4518,'1','Ruhe','Gang','Tisch',0,'ready',83),(4519,'2','Handy','Gang','Abteil',0,'ready',58),(4520,'2','Ruhe','Fenster','Tisch',0,'ready',54),(4521,'1','Ruhe','Fenster','Abteil',0,'ready',25),(4522,'1','Ruhe','Gang','Tisch',1,'maintenance',39),(4523,'1','Ruhe','Fenster','Abteil',0,'ready',53),(4524,'1','Ruhe','Gang','Abteil',0,'maintenance',38),(4525,'1','Handy','Fenster','Abteil',1,'ready',87),(4526,'1','Ruhe','Gang','Abteil',0,'ready',42),(4527,'1','Ruhe','Fenster','Abteil',0,'ready',2),(4528,'2','Handy','Gang','Grossraum',0,'ready',10),(4529,'1','Ruhe','Fenster','Abteil',0,'ready',28),(4530,'1','Ruhe','Fenster','Abteil',0,'ready',2),(4531,'2','Ruhe','Fenster','Abteil',0,'ready',39),(4532,'1','Handy','Fenster','Abteil',0,'ready',38),(4533,'2','Handy','Gang','Abteil',0,'ready',44),(4534,'2','Ruhe','Fenster','Abteil',0,'ready',60),(4535,'2','Handy','Gang','Tisch',1,'disabled',46),(4536,'1','Handy','Fenster','Abteil',0,'ready',66),(4537,'2','Handy','Fenster','Grossraum',1,'broken',49),(4538,'1','Ruhe','Fenster','Tisch',0,'ready',7),(4539,'1','Ruhe','Fenster','Grossraum',0,'ready',27),(4540,'1','Handy','Fenster','Abteil',0,'broken',15),(4541,'2','Ruhe','Gang','Abteil',0,'disabled',41),(4542,'1','Handy','Gang','Grossraum',0,'ready',58),(4543,'1','Ruhe','Fenster','Grossraum',0,'ready',90),(4544,'2','Handy','Fenster','Abteil',0,'ready',2),(4545,'2','Handy','Gang','Grossraum',1,'maintenance',63),(4546,'1','Ruhe','Fenster','Abteil',0,'maintenance',4),(4547,'2','Handy','Fenster','Abteil',1,'ready',11),(4548,'1','Handy','Fenster','Grossraum',0,'ready',48),(4549,'2','Handy','Gang','Abteil',1,'maintenance',21),(4550,'1','Ruhe','Fenster','Abteil',0,'disabled',79);
INSERT INTO `seat` VALUES (4551,'2','Handy','Gang','Tisch',0,'ready',62),(4552,'2','Ruhe','Gang','Grossraum',0,'ready',28),(4553,'1','Handy','Gang','Grossraum',0,'ready',84),(4554,'2','Handy','Gang','Grossraum',1,'disabled',70),(4555,'2','Ruhe','Fenster','Tisch',0,'ready',12),(4556,'1','Handy','Gang','Grossraum',1,'broken',6),(4557,'2','Handy','Fenster','Tisch',0,'broken',74),(4558,'1','Handy','Fenster','Tisch',0,'broken',74),(4559,'1','Ruhe','Gang','Abteil',0,'broken',5),(4560,'2','Handy','Gang','Grossraum',0,'ready',26),(4561,'2','Handy','Fenster','Grossraum',0,'ready',54),(4562,'1','Ruhe','Fenster','Abteil',0,'maintenance',54),(4563,'2','Ruhe','Gang','Tisch',0,'ready',39),(4564,'2','Ruhe','Gang','Grossraum',0,'ready',36),(4565,'1','Handy','Gang','Abteil',0,'ready',16),(4566,'2','Handy','Gang','Tisch',0,'ready',27),(4567,'2','Handy','Gang','Tisch',1,'ready',11),(4568,'2','Ruhe','Fenster','Tisch',0,'ready',14),(4569,'2','Handy','Gang','Grossraum',0,'disabled',22),(4570,'1','Handy','Fenster','Grossraum',0,'ready',75),(4571,'1','Handy','Gang','Abteil',1,'ready',59),(4572,'2','Ruhe','Gang','Abteil',0,'ready',78),(4573,'1','Ruhe','Fenster','Tisch',0,'ready',12),(4574,'1','Ruhe','Gang','Abteil',0,'ready',26),(4575,'2','Ruhe','Fenster','Tisch',1,'ready',40),(4576,'2','Handy','Fenster','Grossraum',0,'broken',43),(4577,'2','Ruhe','Fenster','Grossraum',0,'ready',17),(4578,'2','Handy','Fenster','Abteil',0,'ready',16),(4579,'2','Ruhe','Fenster','Tisch',0,'ready',29),(4580,'1','Ruhe','Fenster','Tisch',0,'ready',81),(4581,'1','Handy','Gang','Abteil',0,'broken',85),(4582,'1','Handy','Gang','Abteil',1,'ready',44),(4583,'1','Handy','Gang','Grossraum',0,'ready',63),(4584,'1','Ruhe','Gang','Grossraum',0,'broken',90),(4585,'1','Handy','Gang','Grossraum',1,'ready',30),(4586,'2','Ruhe','Gang','Abteil',0,'broken',48),(4587,'1','Ruhe','Gang','Tisch',1,'ready',18),(4588,'1','Ruhe','Gang','Tisch',1,'maintenance',55),(4589,'2','Handy','Gang','Grossraum',1,'ready',88),(4590,'2','Ruhe','Gang','Grossraum',0,'ready',3),(4591,'2','Ruhe','Fenster','Abteil',0,'maintenance',77),(4592,'2','Handy','Gang','Abteil',1,'ready',8),(4593,'1','Ruhe','Fenster','Grossraum',0,'ready',33),(4594,'2','Ruhe','Fenster','Tisch',0,'ready',2),(4595,'1','Ruhe','Gang','Grossraum',0,'ready',75),(4596,'1','Ruhe','Gang','Tisch',1,'ready',41),(4597,'1','Ruhe','Gang','Abteil',0,'ready',24),(4598,'1','Handy','Fenster','Grossraum',0,'ready',82),(4599,'1','Handy','Fenster','Abteil',0,'ready',79),(4600,'1','Ruhe','Fenster','Abteil',0,'ready',45);
INSERT INTO `seat` VALUES (4601,'2','Ruhe','Gang','Abteil',0,'ready',77),(4602,'1','Ruhe','Gang','Grossraum',0,'ready',53),(4603,'2','Ruhe','Gang','Tisch',1,'ready',65),(4604,'1','Handy','Fenster','Tisch',0,'ready',55),(4605,'1','Ruhe','Gang','Tisch',0,'broken',22),(4606,'2','Ruhe','Gang','Abteil',0,'ready',14),(4607,'2','Handy','Gang','Grossraum',0,'ready',14),(4608,'1','Handy','Gang','Tisch',0,'ready',8),(4609,'1','Ruhe','Fenster','Abteil',0,'ready',28),(4610,'2','Ruhe','Fenster','Abteil',0,'broken',17),(4611,'1','Handy','Fenster','Grossraum',0,'ready',79),(4612,'1','Ruhe','Gang','Abteil',0,'ready',84),(4613,'2','Handy','Fenster','Grossraum',0,'disabled',44),(4614,'2','Handy','Fenster','Tisch',0,'ready',5),(4615,'2','Ruhe','Gang','Abteil',0,'ready',80),(4616,'2','Ruhe','Fenster','Grossraum',0,'ready',77),(4617,'2','Ruhe','Fenster','Tisch',0,'ready',16),(4618,'2','Ruhe','Fenster','Abteil',0,'disabled',79),(4619,'1','Ruhe','Gang','Tisch',0,'ready',78),(4620,'1','Handy','Gang','Abteil',0,'ready',27),(4621,'1','Handy','Fenster','Grossraum',0,'disabled',32),(4622,'1','Handy','Fenster','Grossraum',0,'ready',89),(4623,'2','Ruhe','Fenster','Grossraum',1,'maintenance',44),(4624,'1','Handy','Fenster','Grossraum',0,'ready',87),(4625,'1','Ruhe','Gang','Tisch',0,'ready',69),(4626,'1','Handy','Gang','Abteil',0,'ready',59),(4627,'2','Ruhe','Gang','Grossraum',0,'broken',19),(4628,'1','Ruhe','Gang','Abteil',0,'ready',72),(4629,'1','Ruhe','Fenster','Abteil',0,'ready',87),(4630,'1','Handy','Fenster','Grossraum',0,'ready',9),(4631,'1','Ruhe','Fenster','Grossraum',0,'ready',38),(4632,'1','Handy','Gang','Abteil',1,'ready',6),(4633,'1','Ruhe','Gang','Tisch',0,'disabled',11),(4634,'1','Ruhe','Gang','Grossraum',0,'ready',62),(4635,'1','Handy','Fenster','Tisch',0,'ready',54),(4636,'2','Ruhe','Gang','Grossraum',0,'ready',65),(4637,'1','Handy','Fenster','Tisch',0,'ready',45),(4638,'1','Handy','Gang','Abteil',0,'ready',89),(4639,'1','Ruhe','Gang','Grossraum',0,'ready',50),(4640,'1','Ruhe','Fenster','Abteil',0,'ready',85),(4641,'2','Ruhe','Fenster','Tisch',0,'ready',6),(4642,'1','Ruhe','Fenster','Abteil',0,'ready',50),(4643,'1','Handy','Fenster','Grossraum',1,'ready',12),(4644,'2','Ruhe','Gang','Abteil',1,'ready',47),(4645,'1','Ruhe','Gang','Tisch',1,'disabled',60),(4646,'2','Ruhe','Gang','Grossraum',0,'disabled',51),(4647,'2','Handy','Gang','Tisch',0,'ready',28),(4648,'1','Ruhe','Fenster','Tisch',0,'ready',78),(4649,'2','Ruhe','Fenster','Abteil',0,'ready',87),(4650,'2','Ruhe','Gang','Grossraum',1,'ready',37);
INSERT INTO `seat` VALUES (4651,'1','Ruhe','Fenster','Grossraum',0,'disabled',82),(4652,'1','Handy','Gang','Tisch',0,'ready',5),(4653,'1','Ruhe','Gang','Grossraum',0,'disabled',5),(4654,'1','Ruhe','Gang','Abteil',0,'ready',27),(4655,'1','Ruhe','Fenster','Abteil',0,'ready',76),(4656,'1','Ruhe','Fenster','Abteil',0,'ready',59),(4657,'1','Ruhe','Gang','Grossraum',0,'ready',65),(4658,'2','Ruhe','Gang','Tisch',1,'ready',67),(4659,'1','Handy','Fenster','Abteil',0,'ready',53),(4660,'1','Ruhe','Gang','Abteil',0,'ready',12),(4661,'1','Handy','Fenster','Abteil',0,'ready',65),(4662,'1','Ruhe','Gang','Grossraum',1,'ready',42),(4663,'1','Ruhe','Fenster','Abteil',1,'ready',48),(4664,'2','Ruhe','Fenster','Tisch',0,'ready',59),(4665,'1','Handy','Fenster','Tisch',0,'ready',79),(4666,'2','Ruhe','Gang','Grossraum',1,'broken',16),(4667,'2','Handy','Gang','Grossraum',0,'ready',25),(4668,'2','Handy','Fenster','Grossraum',1,'ready',80),(4669,'2','Handy','Gang','Abteil',1,'ready',82),(4670,'1','Ruhe','Fenster','Abteil',0,'ready',76),(4671,'2','Handy','Fenster','Grossraum',0,'ready',90),(4672,'1','Ruhe','Gang','Grossraum',0,'ready',26),(4673,'1','Handy','Fenster','Tisch',0,'ready',21),(4674,'2','Handy','Gang','Abteil',0,'ready',68),(4675,'2','Handy','Fenster','Tisch',1,'broken',40),(4676,'2','Ruhe','Fenster','Grossraum',0,'ready',5),(4677,'1','Handy','Gang','Tisch',1,'ready',21),(4678,'2','Handy','Gang','Tisch',1,'ready',87),(4679,'1','Handy','Gang','Grossraum',0,'ready',5),(4680,'2','Ruhe','Fenster','Grossraum',0,'ready',16),(4681,'2','Handy','Fenster','Abteil',0,'ready',61),(4682,'1','Handy','Fenster','Tisch',0,'ready',39),(4683,'2','Handy','Gang','Grossraum',0,'ready',4),(4684,'2','Ruhe','Gang','Tisch',0,'maintenance',45),(4685,'2','Ruhe','Gang','Abteil',1,'ready',25),(4686,'2','Handy','Gang','Grossraum',0,'ready',19),(4687,'2','Handy','Gang','Grossraum',0,'ready',70),(4688,'2','Ruhe','Fenster','Grossraum',0,'ready',4),(4689,'2','Ruhe','Fenster','Abteil',0,'ready',71),(4690,'1','Handy','Fenster','Grossraum',0,'ready',23),(4691,'1','Ruhe','Fenster','Abteil',0,'ready',10),(4692,'1','Handy','Fenster','Grossraum',0,'ready',33),(4693,'2','Ruhe','Gang','Grossraum',0,'ready',62),(4694,'2','Ruhe','Gang','Abteil',0,'ready',26),(4695,'2','Ruhe','Gang','Grossraum',1,'disabled',65),(4696,'2','Handy','Gang','Grossraum',0,'ready',43),(4697,'2','Ruhe','Fenster','Grossraum',0,'ready',72),(4698,'2','Handy','Fenster','Tisch',0,'ready',56),(4699,'1','Ruhe','Fenster','Grossraum',1,'ready',7),(4700,'2','Handy','Fenster','Abteil',1,'disabled',86);
INSERT INTO `seat` VALUES (4701,'2','Handy','Gang','Tisch',0,'ready',10),(4702,'1','Ruhe','Gang','Tisch',0,'ready',65),(4703,'2','Handy','Gang','Tisch',1,'maintenance',24),(4704,'2','Ruhe','Gang','Abteil',0,'ready',84),(4705,'1','Ruhe','Fenster','Tisch',0,'ready',17),(4706,'1','Ruhe','Fenster','Abteil',0,'ready',18),(4707,'2','Handy','Fenster','Tisch',1,'ready',52),(4708,'1','Handy','Gang','Abteil',0,'ready',47),(4709,'2','Handy','Fenster','Abteil',0,'ready',49),(4710,'2','Handy','Fenster','Abteil',0,'broken',5),(4711,'1','Handy','Gang','Grossraum',0,'broken',12),(4712,'1','Ruhe','Fenster','Tisch',1,'disabled',29),(4713,'2','Handy','Gang','Grossraum',0,'ready',6),(4714,'2','Handy','Fenster','Tisch',0,'ready',16),(4715,'2','Handy','Fenster','Abteil',0,'ready',90),(4716,'2','Ruhe','Gang','Grossraum',0,'ready',67),(4717,'2','Ruhe','Fenster','Tisch',0,'ready',37),(4718,'2','Ruhe','Fenster','Grossraum',0,'ready',57),(4719,'2','Ruhe','Gang','Grossraum',0,'ready',50),(4720,'1','Handy','Fenster','Grossraum',0,'ready',41),(4721,'1','Ruhe','Fenster','Grossraum',0,'broken',31),(4722,'2','Handy','Fenster','Grossraum',0,'ready',48),(4723,'1','Handy','Gang','Abteil',0,'disabled',11),(4724,'2','Handy','Gang','Tisch',0,'ready',87),(4725,'2','Handy','Fenster','Tisch',0,'maintenance',48),(4726,'2','Handy','Gang','Tisch',0,'ready',85),(4727,'2','Ruhe','Fenster','Abteil',0,'disabled',32),(4728,'2','Handy','Fenster','Tisch',0,'disabled',12),(4729,'1','Ruhe','Fenster','Abteil',0,'ready',19),(4730,'2','Ruhe','Gang','Tisch',0,'ready',82),(4731,'1','Handy','Fenster','Grossraum',0,'ready',80),(4732,'1','Ruhe','Gang','Grossraum',1,'ready',43),(4733,'2','Ruhe','Gang','Abteil',0,'maintenance',24),(4734,'2','Ruhe','Gang','Abteil',0,'ready',20),(4735,'2','Handy','Fenster','Tisch',0,'disabled',14),(4736,'2','Ruhe','Gang','Tisch',1,'ready',13),(4737,'2','Handy','Gang','Grossraum',0,'ready',71),(4738,'1','Handy','Gang','Tisch',0,'ready',37),(4739,'1','Handy','Gang','Tisch',1,'ready',48),(4740,'1','Ruhe','Gang','Tisch',0,'ready',1),(4741,'2','Handy','Gang','Abteil',0,'ready',32),(4742,'1','Handy','Fenster','Abteil',1,'ready',18),(4743,'1','Handy','Gang','Grossraum',0,'ready',20),(4744,'2','Handy','Fenster','Tisch',1,'ready',20),(4745,'2','Ruhe','Fenster','Grossraum',0,'ready',45),(4746,'2','Ruhe','Fenster','Tisch',1,'maintenance',78),(4747,'1','Ruhe','Gang','Tisch',1,'broken',65),(4748,'1','Handy','Gang','Tisch',0,'ready',29),(4749,'1','Ruhe','Fenster','Abteil',0,'ready',66),(4750,'1','Handy','Fenster','Abteil',0,'ready',37);
INSERT INTO `seat` VALUES (4751,'1','Ruhe','Gang','Grossraum',0,'ready',17),(4752,'1','Handy','Fenster','Tisch',1,'ready',45),(4753,'2','Ruhe','Gang','Grossraum',0,'ready',36),(4754,'2','Ruhe','Fenster','Tisch',0,'maintenance',55),(4755,'2','Ruhe','Gang','Tisch',1,'ready',76),(4756,'2','Handy','Fenster','Abteil',0,'ready',1),(4757,'2','Handy','Gang','Grossraum',1,'ready',29),(4758,'2','Handy','Fenster','Abteil',0,'ready',90),(4759,'1','Ruhe','Fenster','Grossraum',0,'ready',46),(4760,'1','Handy','Gang','Tisch',1,'ready',70),(4761,'1','Handy','Fenster','Abteil',0,'ready',28),(4762,'1','Handy','Gang','Abteil',0,'ready',79),(4763,'1','Handy','Fenster','Grossraum',0,'broken',74),(4764,'1','Ruhe','Fenster','Abteil',0,'ready',75),(4765,'2','Ruhe','Fenster','Abteil',0,'ready',57),(4766,'2','Handy','Gang','Grossraum',1,'ready',44),(4767,'1','Ruhe','Fenster','Grossraum',0,'disabled',84),(4768,'2','Handy','Fenster','Abteil',0,'ready',34),(4769,'2','Ruhe','Gang','Tisch',0,'ready',69),(4770,'2','Ruhe','Gang','Grossraum',0,'maintenance',89),(4771,'1','Handy','Gang','Abteil',1,'ready',66),(4772,'1','Handy','Gang','Grossraum',1,'ready',24),(4773,'2','Ruhe','Fenster','Grossraum',0,'ready',49),(4774,'1','Ruhe','Fenster','Abteil',0,'ready',28),(4775,'1','Ruhe','Gang','Grossraum',1,'ready',27),(4776,'2','Handy','Fenster','Tisch',0,'broken',47),(4777,'1','Handy','Gang','Tisch',0,'ready',57),(4778,'2','Ruhe','Fenster','Tisch',1,'ready',45),(4779,'2','Ruhe','Gang','Abteil',1,'ready',43),(4780,'2','Handy','Gang','Abteil',0,'ready',90),(4781,'1','Ruhe','Gang','Tisch',0,'disabled',8),(4782,'2','Handy','Gang','Grossraum',1,'ready',90),(4783,'2','Handy','Gang','Grossraum',0,'disabled',5),(4784,'2','Ruhe','Fenster','Tisch',0,'ready',89),(4785,'1','Handy','Fenster','Abteil',0,'ready',39),(4786,'2','Ruhe','Gang','Abteil',0,'ready',25),(4787,'2','Ruhe','Fenster','Tisch',1,'ready',13),(4788,'1','Handy','Gang','Abteil',1,'broken',84),(4789,'2','Handy','Gang','Grossraum',0,'ready',58),(4790,'2','Ruhe','Gang','Abteil',1,'maintenance',32),(4791,'1','Handy','Fenster','Grossraum',0,'ready',50),(4792,'1','Handy','Gang','Abteil',0,'disabled',30),(4793,'1','Ruhe','Fenster','Abteil',1,'maintenance',20),(4794,'2','Handy','Fenster','Tisch',0,'maintenance',34),(4795,'2','Ruhe','Fenster','Grossraum',0,'disabled',69),(4796,'2','Handy','Fenster','Abteil',0,'ready',79),(4797,'1','Handy','Fenster','Abteil',0,'ready',60),(4798,'2','Handy','Gang','Tisch',1,'ready',17),(4799,'1','Handy','Gang','Abteil',0,'ready',6),(4800,'1','Ruhe','Fenster','Tisch',0,'ready',89);
INSERT INTO `seat` VALUES (4801,'2','Handy','Fenster','Tisch',0,'ready',27),(4802,'1','Ruhe','Fenster','Tisch',0,'ready',73),(4803,'2','Handy','Fenster','Grossraum',1,'maintenance',73),(4804,'2','Handy','Gang','Tisch',0,'ready',8),(4805,'2','Handy','Fenster','Tisch',0,'ready',66),(4806,'2','Handy','Gang','Grossraum',0,'ready',21),(4807,'2','Ruhe','Fenster','Tisch',0,'ready',84),(4808,'2','Handy','Fenster','Abteil',0,'broken',83),(4809,'1','Ruhe','Gang','Abteil',0,'ready',79),(4810,'2','Handy','Fenster','Tisch',0,'maintenance',66),(4811,'2','Ruhe','Fenster','Tisch',0,'ready',17),(4812,'2','Handy','Gang','Tisch',0,'disabled',46),(4813,'1','Handy','Fenster','Grossraum',0,'ready',55),(4814,'2','Handy','Fenster','Tisch',0,'ready',6),(4815,'1','Ruhe','Fenster','Tisch',0,'ready',4),(4816,'1','Handy','Fenster','Grossraum',0,'maintenance',64),(4817,'2','Handy','Fenster','Grossraum',0,'ready',58),(4818,'1','Handy','Fenster','Grossraum',0,'ready',9),(4819,'1','Ruhe','Gang','Tisch',1,'ready',73),(4820,'2','Handy','Gang','Abteil',1,'ready',19),(4821,'2','Handy','Fenster','Abteil',0,'ready',35),(4822,'2','Ruhe','Fenster','Grossraum',0,'disabled',29),(4823,'2','Handy','Fenster','Grossraum',1,'ready',10),(4824,'2','Handy','Fenster','Tisch',0,'ready',29),(4825,'2','Ruhe','Gang','Grossraum',0,'ready',66),(4826,'2','Handy','Fenster','Abteil',1,'ready',74),(4827,'1','Ruhe','Fenster','Grossraum',0,'broken',1),(4828,'1','Handy','Fenster','Tisch',0,'ready',55),(4829,'1','Handy','Gang','Grossraum',0,'ready',27),(4830,'1','Ruhe','Gang','Abteil',0,'broken',77),(4831,'1','Handy','Fenster','Grossraum',0,'maintenance',72),(4832,'1','Handy','Gang','Tisch',0,'ready',17),(4833,'2','Ruhe','Fenster','Abteil',0,'ready',64),(4834,'1','Ruhe','Fenster','Tisch',1,'ready',62),(4835,'1','Handy','Gang','Grossraum',0,'ready',14),(4836,'2','Ruhe','Fenster','Abteil',0,'ready',14),(4837,'1','Ruhe','Fenster','Grossraum',0,'ready',74),(4838,'2','Handy','Gang','Tisch',0,'broken',72),(4839,'2','Handy','Gang','Tisch',0,'ready',8),(4840,'1','Ruhe','Fenster','Abteil',0,'ready',11),(4841,'2','Ruhe','Fenster','Tisch',0,'ready',87),(4842,'2','Ruhe','Gang','Abteil',0,'ready',51),(4843,'2','Handy','Fenster','Grossraum',1,'broken',8),(4844,'2','Handy','Fenster','Tisch',0,'ready',76),(4845,'2','Handy','Fenster','Tisch',0,'ready',26),(4846,'2','Handy','Gang','Abteil',0,'ready',8),(4847,'1','Ruhe','Fenster','Abteil',0,'ready',19),(4848,'1','Handy','Fenster','Tisch',0,'ready',35),(4849,'1','Handy','Gang','Grossraum',0,'ready',79),(4850,'2','Ruhe','Gang','Grossraum',0,'ready',70);
INSERT INTO `seat` VALUES (4851,'2','Handy','Fenster','Abteil',1,'ready',5),(4852,'1','Handy','Fenster','Abteil',0,'ready',10),(4853,'1','Handy','Fenster','Grossraum',0,'ready',10),(4854,'2','Ruhe','Fenster','Grossraum',0,'ready',89),(4855,'1','Handy','Fenster','Abteil',1,'ready',18),(4856,'1','Ruhe','Fenster','Tisch',1,'ready',76),(4857,'2','Handy','Fenster','Grossraum',0,'ready',75),(4858,'1','Ruhe','Fenster','Tisch',0,'ready',36),(4859,'2','Ruhe','Fenster','Tisch',0,'ready',77),(4860,'2','Ruhe','Fenster','Tisch',0,'maintenance',17),(4861,'2','Handy','Gang','Grossraum',0,'ready',76),(4862,'1','Handy','Gang','Tisch',0,'ready',64),(4863,'2','Ruhe','Fenster','Abteil',0,'ready',6),(4864,'1','Ruhe','Fenster','Tisch',0,'ready',40),(4865,'1','Ruhe','Fenster','Tisch',1,'ready',27),(4866,'1','Handy','Gang','Tisch',1,'ready',59),(4867,'2','Handy','Fenster','Grossraum',0,'ready',32),(4868,'1','Handy','Fenster','Tisch',1,'ready',42),(4869,'1','Handy','Gang','Grossraum',0,'broken',70),(4870,'1','Handy','Gang','Tisch',1,'ready',68),(4871,'1','Handy','Fenster','Abteil',0,'disabled',26),(4872,'1','Ruhe','Gang','Grossraum',1,'ready',38),(4873,'1','Ruhe','Gang','Grossraum',0,'ready',29),(4874,'2','Handy','Gang','Tisch',1,'ready',8),(4875,'2','Handy','Fenster','Tisch',0,'disabled',70),(4876,'2','Ruhe','Fenster','Grossraum',0,'ready',11),(4877,'1','Ruhe','Fenster','Tisch',0,'ready',63),(4878,'1','Handy','Gang','Abteil',0,'ready',61),(4879,'2','Ruhe','Fenster','Tisch',0,'ready',75),(4880,'1','Ruhe','Gang','Grossraum',0,'ready',83),(4881,'1','Handy','Fenster','Grossraum',0,'ready',55),(4882,'1','Handy','Fenster','Grossraum',1,'broken',86),(4883,'2','Handy','Gang','Tisch',0,'maintenance',10),(4884,'2','Handy','Fenster','Abteil',0,'ready',66),(4885,'1','Ruhe','Fenster','Tisch',0,'disabled',64),(4886,'2','Handy','Gang','Grossraum',0,'disabled',24),(4887,'2','Handy','Fenster','Grossraum',0,'ready',73),(4888,'1','Ruhe','Gang','Tisch',0,'ready',27),(4889,'1','Ruhe','Gang','Tisch',1,'disabled',21),(4890,'1','Ruhe','Fenster','Abteil',0,'ready',79),(4891,'2','Ruhe','Gang','Grossraum',0,'disabled',22),(4892,'2','Ruhe','Fenster','Tisch',0,'ready',16),(4893,'2','Ruhe','Gang','Tisch',0,'ready',36),(4894,'1','Ruhe','Gang','Tisch',0,'ready',1),(4895,'2','Ruhe','Gang','Abteil',0,'maintenance',48),(4896,'1','Ruhe','Fenster','Abteil',0,'broken',64),(4897,'2','Handy','Fenster','Abteil',0,'broken',21),(4898,'1','Ruhe','Gang','Grossraum',0,'ready',6),(4899,'2','Ruhe','Fenster','Tisch',0,'ready',88),(4900,'2','Ruhe','Gang','Abteil',0,'ready',59);
INSERT INTO `seat` VALUES (4901,'2','Handy','Fenster','Grossraum',1,'disabled',63),(4902,'2','Ruhe','Fenster','Grossraum',0,'broken',50),(4903,'2','Handy','Gang','Abteil',1,'ready',38),(4904,'1','Handy','Gang','Abteil',0,'ready',55),(4905,'2','Handy','Fenster','Grossraum',1,'ready',73),(4906,'1','Handy','Gang','Tisch',1,'maintenance',77),(4907,'2','Ruhe','Gang','Tisch',0,'ready',66),(4908,'2','Ruhe','Fenster','Tisch',1,'broken',57),(4909,'2','Handy','Fenster','Grossraum',0,'broken',81),(4910,'1','Handy','Gang','Grossraum',1,'ready',21),(4911,'2','Ruhe','Fenster','Tisch',0,'maintenance',78),(4912,'2','Handy','Fenster','Grossraum',1,'ready',34),(4913,'2','Ruhe','Fenster','Grossraum',0,'broken',51),(4914,'2','Ruhe','Fenster','Abteil',0,'ready',84),(4915,'2','Ruhe','Fenster','Grossraum',0,'broken',45),(4916,'2','Handy','Fenster','Tisch',0,'ready',29),(4917,'1','Handy','Gang','Tisch',0,'ready',26),(4918,'2','Handy','Fenster','Grossraum',0,'disabled',59),(4919,'1','Handy','Fenster','Grossraum',0,'ready',44),(4920,'1','Ruhe','Fenster','Tisch',0,'ready',45),(4921,'1','Ruhe','Fenster','Grossraum',1,'ready',83),(4922,'2','Ruhe','Fenster','Grossraum',0,'ready',63),(4923,'1','Ruhe','Fenster','Tisch',0,'ready',2),(4924,'2','Ruhe','Fenster','Tisch',0,'ready',72),(4925,'1','Handy','Gang','Abteil',1,'ready',31),(4926,'2','Handy','Fenster','Abteil',0,'ready',68),(4927,'1','Ruhe','Fenster','Grossraum',1,'disabled',50),(4928,'2','Handy','Gang','Grossraum',1,'broken',19),(4929,'2','Ruhe','Fenster','Abteil',0,'broken',30),(4930,'1','Handy','Fenster','Grossraum',0,'broken',54),(4931,'1','Ruhe','Gang','Tisch',0,'ready',29),(4932,'2','Handy','Gang','Tisch',0,'broken',22),(4933,'2','Handy','Fenster','Grossraum',1,'ready',60),(4934,'1','Ruhe','Gang','Abteil',0,'broken',18),(4935,'1','Handy','Gang','Tisch',1,'ready',81),(4936,'2','Handy','Fenster','Abteil',0,'ready',9),(4937,'1','Handy','Fenster','Abteil',1,'maintenance',33),(4938,'1','Handy','Gang','Grossraum',0,'ready',56),(4939,'2','Ruhe','Gang','Abteil',0,'disabled',40),(4940,'2','Ruhe','Gang','Abteil',0,'ready',69),(4941,'2','Ruhe','Fenster','Abteil',1,'maintenance',58),(4942,'1','Handy','Fenster','Abteil',1,'maintenance',11),(4943,'1','Ruhe','Gang','Abteil',0,'broken',16),(4944,'1','Handy','Fenster','Tisch',0,'ready',54),(4945,'1','Handy','Fenster','Grossraum',0,'ready',22),(4946,'1','Handy','Gang','Tisch',0,'maintenance',46),(4947,'2','Handy','Gang','Grossraum',0,'ready',75),(4948,'2','Ruhe','Gang','Tisch',0,'maintenance',32),(4949,'2','Ruhe','Gang','Tisch',0,'broken',14),(4950,'1','Ruhe','Fenster','Grossraum',1,'broken',87);
INSERT INTO `seat` VALUES (4951,'2','Handy','Gang','Grossraum',0,'disabled',85),(4952,'1','Ruhe','Gang','Abteil',0,'disabled',6),(4953,'1','Handy','Gang','Grossraum',0,'ready',14),(4954,'2','Ruhe','Gang','Grossraum',0,'disabled',35),(4955,'1','Ruhe','Fenster','Grossraum',0,'disabled',39),(4956,'1','Ruhe','Gang','Abteil',0,'ready',73),(4957,'2','Ruhe','Fenster','Grossraum',0,'ready',70),(4958,'1','Handy','Fenster','Grossraum',0,'ready',22),(4959,'1','Handy','Fenster','Abteil',0,'ready',45),(4960,'2','Ruhe','Fenster','Grossraum',1,'ready',68),(4961,'2','Handy','Gang','Tisch',0,'ready',39),(4962,'2','Ruhe','Gang','Abteil',1,'ready',54),(4963,'2','Ruhe','Fenster','Grossraum',0,'broken',75),(4964,'2','Handy','Gang','Grossraum',0,'maintenance',63),(4965,'1','Ruhe','Gang','Tisch',0,'ready',49),(4966,'1','Handy','Fenster','Tisch',1,'disabled',27),(4967,'1','Ruhe','Fenster','Grossraum',0,'ready',12),(4968,'2','Handy','Fenster','Abteil',0,'ready',67),(4969,'1','Ruhe','Gang','Grossraum',0,'ready',12),(4970,'1','Handy','Fenster','Abteil',1,'ready',74),(4971,'1','Ruhe','Gang','Tisch',0,'ready',66),(4972,'1','Ruhe','Fenster','Tisch',0,'ready',14),(4973,'2','Ruhe','Gang','Abteil',0,'maintenance',77),(4974,'2','Handy','Gang','Abteil',0,'ready',47),(4975,'2','Handy','Fenster','Abteil',0,'ready',44),(4976,'1','Ruhe','Gang','Grossraum',0,'ready',24),(4977,'1','Handy','Fenster','Tisch',0,'ready',6),(4978,'1','Ruhe','Fenster','Grossraum',0,'ready',73),(4979,'2','Handy','Fenster','Abteil',1,'ready',39),(4980,'2','Ruhe','Fenster','Abteil',1,'ready',53),(4981,'2','Handy','Fenster','Abteil',0,'maintenance',15),(4982,'2','Handy','Gang','Grossraum',0,'maintenance',75),(4983,'2','Ruhe','Gang','Grossraum',0,'disabled',22),(4984,'1','Handy','Gang','Abteil',0,'ready',48),(4985,'1','Ruhe','Fenster','Abteil',0,'ready',30),(4986,'2','Handy','Fenster','Grossraum',1,'ready',65),(4987,'2','Handy','Gang','Grossraum',0,'ready',83),(4988,'1','Ruhe','Gang','Tisch',0,'ready',75),(4989,'2','Ruhe','Gang','Tisch',0,'ready',48),(4990,'2','Ruhe','Gang','Tisch',0,'ready',50),(4991,'2','Ruhe','Fenster','Abteil',0,'broken',16),(4992,'2','Ruhe','Fenster','Abteil',1,'ready',68),(4993,'2','Handy','Gang','Tisch',0,'ready',20),(4994,'2','Ruhe','Gang','Abteil',0,'ready',22),(4995,'1','Handy','Fenster','Abteil',1,'ready',51),(4996,'1','Ruhe','Gang','Abteil',0,'maintenance',52),(4997,'1','Ruhe','Fenster','Tisch',0,'disabled',57),(4998,'2','Handy','Fenster','Grossraum',1,'ready',62),(4999,'2','Ruhe','Gang','Abteil',0,'ready',7),(5000,'1','Ruhe','Gang','Tisch',0,'ready',38);
INSERT INTO `seat` VALUES (5001,'1','Handy','Fenster','Abteil',0,'ready',2),(5002,'2','Handy','Gang','Tisch',0,'ready',48),(5003,'1','Ruhe','Gang','Tisch',1,'ready',80),(5004,'2','Handy','Gang','Grossraum',0,'ready',88),(5005,'2','Ruhe','Gang','Tisch',0,'maintenance',78),(5006,'2','Handy','Gang','Tisch',0,'ready',89),(5007,'2','Ruhe','Gang','Abteil',1,'ready',50),(5008,'1','Handy','Gang','Tisch',1,'ready',16),(5009,'2','Ruhe','Fenster','Tisch',0,'ready',10),(5010,'1','Handy','Gang','Tisch',0,'ready',27),(5011,'2','Ruhe','Gang','Grossraum',1,'ready',81),(5012,'1','Ruhe','Gang','Tisch',0,'ready',27),(5013,'2','Handy','Fenster','Tisch',0,'ready',26),(5014,'1','Handy','Fenster','Tisch',1,'ready',42),(5015,'2','Ruhe','Gang','Abteil',1,'ready',44),(5016,'2','Ruhe','Fenster','Tisch',1,'ready',34),(5017,'2','Ruhe','Fenster','Tisch',0,'ready',84),(5018,'1','Handy','Fenster','Abteil',1,'maintenance',69),(5019,'2','Handy','Gang','Grossraum',1,'disabled',70),(5020,'2','Ruhe','Fenster','Abteil',1,'maintenance',78),(5021,'2','Handy','Gang','Tisch',1,'ready',52),(5022,'2','Ruhe','Gang','Grossraum',0,'broken',43),(5023,'1','Ruhe','Fenster','Grossraum',0,'ready',54),(5024,'2','Handy','Fenster','Grossraum',0,'ready',23),(5025,'2','Ruhe','Fenster','Abteil',0,'maintenance',56),(5026,'2','Ruhe','Fenster','Grossraum',1,'disabled',3),(5027,'1','Handy','Gang','Tisch',0,'ready',89),(5028,'2','Handy','Gang','Grossraum',0,'disabled',6),(5029,'2','Handy','Fenster','Tisch',0,'broken',60),(5030,'2','Ruhe','Fenster','Grossraum',0,'ready',35),(5031,'1','Ruhe','Fenster','Grossraum',0,'ready',50),(5032,'2','Handy','Gang','Grossraum',0,'ready',8),(5033,'2','Ruhe','Fenster','Abteil',0,'ready',83),(5034,'1','Handy','Fenster','Abteil',1,'ready',89),(5035,'1','Ruhe','Gang','Grossraum',0,'ready',47),(5036,'1','Handy','Gang','Abteil',0,'ready',34),(5037,'1','Handy','Gang','Tisch',1,'ready',10),(5038,'1','Handy','Gang','Abteil',0,'ready',16),(5039,'1','Handy','Gang','Abteil',0,'ready',70),(5040,'2','Handy','Gang','Grossraum',0,'ready',20),(5041,'1','Handy','Fenster','Grossraum',1,'ready',9),(5042,'2','Ruhe','Fenster','Tisch',0,'ready',66),(5043,'1','Ruhe','Gang','Abteil',0,'disabled',23),(5044,'2','Ruhe','Fenster','Tisch',0,'broken',32),(5045,'1','Ruhe','Gang','Grossraum',0,'ready',37),(5046,'2','Handy','Fenster','Grossraum',0,'ready',22),(5047,'1','Handy','Fenster','Abteil',1,'ready',16),(5048,'2','Ruhe','Gang','Abteil',0,'ready',80),(5049,'2','Handy','Fenster','Abteil',0,'broken',74),(5050,'1','Handy','Fenster','Grossraum',0,'ready',4);
INSERT INTO `seat` VALUES (5051,'2','Ruhe','Fenster','Tisch',0,'ready',25),(5052,'2','Handy','Fenster','Grossraum',1,'ready',40),(5053,'2','Handy','Gang','Abteil',0,'broken',24),(5054,'1','Handy','Gang','Abteil',0,'ready',77),(5055,'2','Ruhe','Gang','Tisch',0,'maintenance',67),(5056,'2','Ruhe','Fenster','Grossraum',0,'ready',5),(5057,'2','Handy','Gang','Abteil',0,'ready',38),(5058,'1','Ruhe','Gang','Abteil',1,'ready',60),(5059,'1','Handy','Fenster','Abteil',0,'ready',1),(5060,'1','Handy','Fenster','Abteil',1,'ready',3),(5061,'1','Ruhe','Gang','Abteil',1,'ready',25),(5062,'1','Handy','Gang','Abteil',0,'ready',83),(5063,'2','Ruhe','Gang','Abteil',0,'ready',6),(5064,'2','Ruhe','Fenster','Abteil',1,'disabled',72),(5065,'2','Handy','Fenster','Abteil',0,'ready',59),(5066,'1','Ruhe','Gang','Grossraum',0,'ready',84),(5067,'1','Handy','Gang','Tisch',0,'disabled',60),(5068,'2','Handy','Fenster','Abteil',0,'ready',22),(5069,'2','Handy','Gang','Grossraum',0,'ready',8),(5070,'1','Ruhe','Gang','Tisch',1,'ready',20),(5071,'1','Handy','Gang','Abteil',0,'ready',8),(5072,'1','Handy','Fenster','Tisch',1,'ready',54),(5073,'1','Ruhe','Gang','Grossraum',0,'ready',62),(5074,'2','Handy','Gang','Grossraum',1,'ready',62),(5075,'2','Ruhe','Fenster','Abteil',0,'ready',87),(5076,'2','Handy','Fenster','Grossraum',1,'ready',81),(5077,'2','Ruhe','Gang','Tisch',1,'ready',8),(5078,'1','Handy','Fenster','Tisch',0,'ready',67),(5079,'2','Handy','Fenster','Tisch',0,'ready',71),(5080,'2','Handy','Fenster','Tisch',0,'ready',32),(5081,'1','Ruhe','Gang','Grossraum',1,'disabled',15),(5082,'1','Ruhe','Gang','Tisch',1,'ready',40),(5083,'2','Handy','Fenster','Grossraum',0,'ready',31),(5084,'2','Ruhe','Gang','Abteil',0,'ready',76),(5085,'2','Ruhe','Fenster','Tisch',1,'ready',33),(5086,'1','Handy','Gang','Grossraum',0,'maintenance',12),(5087,'2','Handy','Fenster','Grossraum',0,'maintenance',36),(5088,'1','Ruhe','Gang','Tisch',0,'ready',6),(5089,'1','Handy','Gang','Grossraum',0,'ready',33),(5090,'2','Handy','Gang','Tisch',0,'ready',35),(5091,'1','Handy','Gang','Tisch',1,'ready',50),(5092,'1','Ruhe','Fenster','Tisch',0,'ready',81),(5093,'2','Ruhe','Gang','Abteil',1,'ready',13),(5094,'1','Ruhe','Gang','Abteil',0,'ready',18),(5095,'1','Handy','Fenster','Tisch',0,'ready',23),(5096,'1','Ruhe','Fenster','Grossraum',0,'ready',58),(5097,'2','Handy','Fenster','Abteil',0,'ready',39),(5098,'2','Handy','Gang','Grossraum',0,'ready',62),(5099,'2','Handy','Fenster','Tisch',0,'broken',69),(5100,'1','Ruhe','Fenster','Grossraum',0,'ready',27);
INSERT INTO `seat` VALUES (5101,'1','Ruhe','Gang','Abteil',1,'ready',56),(5102,'1','Ruhe','Gang','Tisch',1,'ready',28),(5103,'1','Ruhe','Fenster','Grossraum',0,'broken',64),(5104,'1','Ruhe','Fenster','Abteil',1,'ready',26),(5105,'1','Ruhe','Fenster','Abteil',0,'ready',31),(5106,'2','Handy','Fenster','Abteil',1,'ready',47),(5107,'2','Handy','Gang','Abteil',0,'broken',84),(5108,'2','Ruhe','Fenster','Abteil',0,'ready',12),(5109,'2','Ruhe','Fenster','Tisch',0,'ready',32),(5110,'2','Handy','Fenster','Tisch',0,'ready',10),(5111,'2','Ruhe','Fenster','Abteil',0,'broken',21),(5112,'1','Ruhe','Gang','Abteil',0,'ready',37),(5113,'2','Handy','Gang','Tisch',0,'ready',2),(5114,'2','Ruhe','Gang','Grossraum',1,'ready',64),(5115,'1','Ruhe','Gang','Tisch',1,'maintenance',4),(5116,'1','Handy','Gang','Tisch',0,'disabled',19),(5117,'1','Handy','Gang','Tisch',0,'ready',15),(5118,'1','Ruhe','Fenster','Grossraum',0,'ready',16),(5119,'1','Handy','Fenster','Abteil',0,'ready',47),(5120,'2','Ruhe','Fenster','Tisch',0,'broken',9),(5121,'1','Handy','Gang','Tisch',0,'ready',16),(5122,'2','Ruhe','Gang','Grossraum',0,'ready',27),(5123,'1','Ruhe','Fenster','Tisch',0,'ready',30),(5124,'2','Ruhe','Gang','Tisch',0,'ready',25),(5125,'2','Handy','Fenster','Abteil',0,'broken',2),(5126,'2','Handy','Fenster','Tisch',0,'ready',57),(5127,'1','Ruhe','Gang','Tisch',0,'ready',37),(5128,'1','Handy','Fenster','Abteil',0,'maintenance',12),(5129,'1','Ruhe','Fenster','Tisch',0,'ready',83),(5130,'1','Handy','Gang','Tisch',0,'ready',26),(5131,'1','Ruhe','Gang','Grossraum',1,'ready',73),(5132,'2','Ruhe','Fenster','Tisch',0,'broken',8),(5133,'2','Ruhe','Fenster','Tisch',0,'ready',6),(5134,'2','Ruhe','Gang','Grossraum',1,'ready',25),(5135,'1','Handy','Gang','Tisch',1,'ready',85),(5136,'1','Ruhe','Fenster','Abteil',0,'maintenance',82),(5137,'1','Handy','Fenster','Tisch',0,'ready',61),(5138,'2','Handy','Fenster','Tisch',0,'ready',60),(5139,'1','Ruhe','Fenster','Abteil',0,'ready',57),(5140,'2','Handy','Gang','Grossraum',0,'ready',46),(5141,'2','Ruhe','Gang','Grossraum',1,'ready',26),(5142,'1','Handy','Gang','Grossraum',0,'disabled',26),(5143,'1','Ruhe','Fenster','Abteil',1,'ready',21),(5144,'2','Handy','Fenster','Tisch',0,'ready',13),(5145,'2','Handy','Fenster','Tisch',1,'ready',9),(5146,'1','Handy','Gang','Tisch',0,'ready',45),(5147,'2','Ruhe','Gang','Abteil',0,'ready',88),(5148,'1','Ruhe','Gang','Abteil',0,'ready',6),(5149,'1','Handy','Gang','Grossraum',0,'disabled',14),(5150,'2','Ruhe','Gang','Abteil',0,'ready',56);
INSERT INTO `seat` VALUES (5151,'2','Handy','Fenster','Tisch',0,'ready',44),(5152,'2','Handy','Gang','Abteil',1,'ready',25),(5153,'1','Handy','Fenster','Grossraum',0,'maintenance',23),(5154,'2','Handy','Gang','Grossraum',0,'disabled',66),(5155,'1','Ruhe','Gang','Tisch',1,'maintenance',28),(5156,'1','Handy','Fenster','Tisch',0,'ready',48),(5157,'1','Handy','Gang','Abteil',0,'ready',57),(5158,'1','Handy','Gang','Grossraum',0,'disabled',30),(5159,'1','Ruhe','Fenster','Tisch',0,'ready',3),(5160,'1','Handy','Gang','Abteil',1,'ready',46),(5161,'2','Ruhe','Gang','Abteil',0,'ready',24),(5162,'2','Ruhe','Gang','Abteil',1,'ready',5),(5163,'2','Ruhe','Fenster','Tisch',1,'ready',69),(5164,'2','Ruhe','Gang','Abteil',0,'ready',45),(5165,'1','Handy','Gang','Abteil',0,'ready',22),(5166,'2','Handy','Gang','Abteil',1,'ready',39),(5167,'1','Ruhe','Gang','Abteil',0,'ready',68),(5168,'1','Handy','Fenster','Tisch',0,'ready',57),(5169,'1','Ruhe','Gang','Abteil',0,'ready',26),(5170,'1','Handy','Fenster','Tisch',0,'ready',53),(5171,'1','Handy','Fenster','Grossraum',1,'ready',56),(5172,'2','Ruhe','Gang','Tisch',1,'ready',63),(5173,'1','Ruhe','Gang','Tisch',0,'ready',51),(5174,'1','Handy','Gang','Tisch',0,'disabled',14),(5175,'2','Handy','Fenster','Abteil',1,'ready',30),(5176,'1','Ruhe','Fenster','Grossraum',1,'ready',56),(5177,'1','Handy','Fenster','Tisch',1,'ready',7),(5178,'2','Ruhe','Gang','Tisch',0,'ready',47),(5179,'2','Handy','Gang','Tisch',1,'ready',43),(5180,'2','Handy','Fenster','Tisch',1,'ready',56),(5181,'1','Handy','Fenster','Grossraum',0,'ready',67),(5182,'1','Ruhe','Gang','Tisch',0,'ready',64),(5183,'1','Handy','Gang','Tisch',0,'ready',23),(5184,'2','Handy','Gang','Abteil',0,'ready',3),(5185,'2','Ruhe','Fenster','Abteil',0,'ready',80),(5186,'2','Ruhe','Gang','Grossraum',0,'ready',24),(5187,'2','Handy','Gang','Grossraum',0,'ready',34),(5188,'2','Handy','Fenster','Tisch',1,'ready',28),(5189,'1','Ruhe','Fenster','Grossraum',1,'disabled',58),(5190,'2','Ruhe','Gang','Grossraum',1,'maintenance',35),(5191,'2','Ruhe','Gang','Tisch',0,'ready',65),(5192,'2','Ruhe','Fenster','Abteil',0,'ready',31),(5193,'2','Handy','Gang','Grossraum',0,'broken',47),(5194,'1','Handy','Fenster','Tisch',0,'ready',28),(5195,'1','Ruhe','Gang','Tisch',0,'broken',9),(5196,'2','Ruhe','Gang','Tisch',0,'ready',28),(5197,'2','Handy','Fenster','Grossraum',1,'ready',65),(5198,'2','Handy','Fenster','Grossraum',1,'ready',83),(5199,'2','Handy','Gang','Tisch',0,'ready',42),(5200,'2','Ruhe','Fenster','Abteil',0,'ready',43);
INSERT INTO `seat` VALUES (5201,'1','Ruhe','Fenster','Grossraum',0,'ready',63),(5202,'1','Ruhe','Gang','Tisch',1,'ready',79),(5203,'2','Ruhe','Gang','Grossraum',0,'maintenance',48),(5204,'1','Handy','Gang','Grossraum',0,'ready',21),(5205,'1','Ruhe','Gang','Tisch',0,'ready',1),(5206,'2','Ruhe','Gang','Tisch',0,'ready',72),(5207,'2','Ruhe','Fenster','Abteil',0,'ready',33),(5208,'2','Handy','Fenster','Tisch',0,'ready',72),(5209,'2','Handy','Fenster','Abteil',1,'ready',20),(5210,'1','Ruhe','Fenster','Grossraum',0,'disabled',29),(5211,'2','Handy','Gang','Abteil',0,'ready',41),(5212,'1','Handy','Fenster','Grossraum',0,'ready',29),(5213,'2','Handy','Gang','Grossraum',0,'ready',61),(5214,'1','Ruhe','Fenster','Abteil',0,'ready',53),(5215,'2','Handy','Fenster','Tisch',0,'ready',89),(5216,'1','Handy','Gang','Tisch',0,'broken',83),(5217,'1','Ruhe','Gang','Tisch',1,'ready',75),(5218,'1','Handy','Fenster','Grossraum',0,'ready',26),(5219,'1','Handy','Fenster','Tisch',0,'maintenance',49),(5220,'2','Ruhe','Fenster','Grossraum',0,'ready',49),(5221,'1','Ruhe','Gang','Grossraum',0,'ready',90),(5222,'2','Ruhe','Gang','Tisch',1,'ready',7),(5223,'2','Handy','Fenster','Abteil',0,'maintenance',72),(5224,'1','Handy','Fenster','Tisch',0,'maintenance',34),(5225,'2','Handy','Fenster','Grossraum',0,'ready',21),(5226,'2','Handy','Fenster','Grossraum',0,'disabled',74),(5227,'2','Ruhe','Gang','Abteil',1,'ready',63),(5228,'1','Handy','Fenster','Abteil',0,'ready',35),(5229,'2','Ruhe','Gang','Abteil',0,'ready',23),(5230,'2','Ruhe','Gang','Tisch',1,'maintenance',13),(5231,'1','Handy','Fenster','Grossraum',0,'ready',22),(5232,'1','Ruhe','Gang','Abteil',0,'ready',13),(5233,'2','Ruhe','Fenster','Abteil',0,'maintenance',11),(5234,'1','Handy','Gang','Tisch',0,'ready',8),(5235,'2','Ruhe','Fenster','Tisch',1,'broken',90),(5236,'2','Ruhe','Gang','Grossraum',1,'ready',49),(5237,'2','Handy','Gang','Abteil',0,'ready',67),(5238,'1','Ruhe','Fenster','Tisch',0,'ready',85),(5239,'1','Ruhe','Fenster','Tisch',0,'disabled',2),(5240,'2','Handy','Gang','Abteil',0,'ready',28),(5241,'1','Ruhe','Fenster','Tisch',1,'maintenance',81),(5242,'2','Ruhe','Fenster','Grossraum',0,'ready',12),(5243,'1','Handy','Gang','Abteil',0,'ready',44),(5244,'1','Handy','Fenster','Abteil',0,'disabled',22),(5245,'2','Ruhe','Gang','Abteil',0,'ready',27),(5246,'1','Handy','Gang','Abteil',0,'ready',26),(5247,'1','Handy','Fenster','Tisch',0,'ready',12),(5248,'1','Handy','Gang','Tisch',0,'disabled',74),(5249,'2','Handy','Fenster','Grossraum',0,'disabled',20),(5250,'2','Handy','Fenster','Tisch',1,'broken',22);
INSERT INTO `seat` VALUES (5251,'1','Handy','Gang','Tisch',0,'ready',51),(5252,'1','Handy','Gang','Abteil',0,'ready',5),(5253,'2','Ruhe','Fenster','Tisch',0,'ready',9),(5254,'2','Ruhe','Gang','Tisch',1,'ready',22),(5255,'2','Handy','Fenster','Grossraum',0,'ready',46),(5256,'2','Handy','Gang','Tisch',1,'ready',22),(5257,'1','Handy','Fenster','Grossraum',0,'ready',33),(5258,'2','Handy','Gang','Abteil',0,'ready',10),(5259,'1','Handy','Gang','Grossraum',0,'maintenance',59),(5260,'1','Handy','Fenster','Abteil',1,'ready',6),(5261,'2','Handy','Fenster','Grossraum',0,'ready',35),(5262,'2','Ruhe','Fenster','Tisch',0,'ready',2),(5263,'1','Ruhe','Fenster','Tisch',1,'disabled',67),(5264,'2','Ruhe','Fenster','Abteil',0,'ready',67),(5265,'2','Ruhe','Gang','Abteil',0,'ready',79),(5266,'1','Handy','Gang','Tisch',0,'ready',69),(5267,'2','Ruhe','Gang','Tisch',1,'ready',10),(5268,'2','Ruhe','Gang','Abteil',0,'ready',65),(5269,'2','Handy','Fenster','Abteil',0,'broken',22),(5270,'2','Handy','Gang','Abteil',0,'ready',22),(5271,'1','Handy','Fenster','Tisch',0,'ready',49),(5272,'1','Ruhe','Fenster','Tisch',0,'ready',48),(5273,'1','Handy','Gang','Tisch',0,'ready',33),(5274,'2','Handy','Fenster','Tisch',1,'ready',39),(5275,'1','Ruhe','Gang','Grossraum',0,'ready',69),(5276,'2','Handy','Fenster','Abteil',0,'ready',86),(5277,'1','Ruhe','Gang','Abteil',0,'broken',71),(5278,'2','Handy','Fenster','Abteil',1,'ready',34),(5279,'2','Ruhe','Gang','Tisch',0,'ready',43),(5280,'2','Ruhe','Gang','Grossraum',0,'ready',59),(5281,'1','Handy','Fenster','Abteil',0,'ready',37),(5282,'1','Ruhe','Gang','Grossraum',0,'ready',58),(5283,'2','Ruhe','Gang','Abteil',1,'disabled',48),(5284,'1','Ruhe','Fenster','Tisch',0,'ready',90),(5285,'2','Handy','Gang','Tisch',0,'ready',84),(5286,'1','Ruhe','Gang','Tisch',1,'ready',8),(5287,'1','Ruhe','Gang','Grossraum',1,'ready',37),(5288,'1','Ruhe','Fenster','Tisch',0,'ready',42),(5289,'2','Handy','Fenster','Tisch',1,'ready',59),(5290,'2','Handy','Fenster','Grossraum',0,'ready',71),(5291,'2','Handy','Fenster','Abteil',1,'ready',39),(5292,'1','Ruhe','Fenster','Abteil',0,'broken',28),(5293,'1','Handy','Gang','Abteil',0,'ready',27),(5294,'2','Ruhe','Fenster','Tisch',0,'ready',54),(5295,'1','Ruhe','Fenster','Abteil',0,'broken',52),(5296,'1','Handy','Fenster','Grossraum',0,'ready',57),(5297,'2','Handy','Gang','Abteil',1,'ready',22),(5298,'1','Ruhe','Gang','Abteil',0,'broken',15),(5299,'1','Ruhe','Fenster','Abteil',0,'disabled',59),(5300,'2','Ruhe','Gang','Abteil',0,'ready',15);
INSERT INTO `seat` VALUES (5301,'2','Ruhe','Fenster','Tisch',1,'ready',51),(5302,'2','Ruhe','Fenster','Tisch',0,'ready',37),(5303,'2','Ruhe','Gang','Abteil',0,'ready',79),(5304,'1','Ruhe','Gang','Grossraum',0,'ready',8),(5305,'1','Ruhe','Gang','Abteil',0,'ready',5),(5306,'1','Handy','Fenster','Tisch',0,'broken',57),(5307,'2','Ruhe','Fenster','Abteil',0,'ready',89),(5308,'2','Ruhe','Gang','Grossraum',1,'ready',52),(5309,'1','Ruhe','Fenster','Tisch',0,'ready',33),(5310,'1','Handy','Gang','Grossraum',0,'ready',52),(5311,'2','Ruhe','Fenster','Abteil',1,'ready',28),(5312,'1','Handy','Fenster','Tisch',0,'ready',77),(5313,'2','Handy','Gang','Grossraum',0,'ready',85),(5314,'2','Handy','Gang','Grossraum',0,'ready',85),(5315,'1','Ruhe','Fenster','Tisch',0,'ready',4),(5316,'2','Handy','Gang','Grossraum',0,'ready',81),(5317,'1','Handy','Fenster','Tisch',0,'ready',2),(5318,'1','Ruhe','Fenster','Abteil',0,'ready',21),(5319,'2','Handy','Gang','Tisch',1,'disabled',11),(5320,'2','Ruhe','Fenster','Grossraum',0,'maintenance',17),(5321,'2','Ruhe','Gang','Grossraum',0,'ready',80),(5322,'1','Handy','Fenster','Tisch',0,'ready',65),(5323,'1','Ruhe','Gang','Tisch',0,'ready',1),(5324,'1','Handy','Gang','Tisch',1,'ready',2),(5325,'2','Ruhe','Gang','Abteil',0,'ready',90),(5326,'1','Handy','Fenster','Abteil',1,'ready',7),(5327,'2','Ruhe','Gang','Abteil',0,'ready',90),(5328,'2','Ruhe','Fenster','Grossraum',0,'disabled',1),(5329,'2','Ruhe','Fenster','Tisch',0,'ready',63),(5330,'2','Handy','Fenster','Grossraum',0,'ready',83),(5331,'1','Handy','Gang','Abteil',0,'broken',78),(5332,'2','Handy','Fenster','Grossraum',0,'broken',74),(5333,'1','Handy','Gang','Grossraum',0,'broken',25),(5334,'2','Handy','Gang','Abteil',0,'broken',26),(5335,'2','Ruhe','Fenster','Abteil',0,'ready',27),(5336,'2','Handy','Gang','Abteil',1,'ready',18),(5337,'2','Ruhe','Fenster','Grossraum',0,'ready',90),(5338,'2','Handy','Fenster','Grossraum',0,'ready',42),(5339,'1','Handy','Fenster','Abteil',1,'disabled',36),(5340,'2','Handy','Fenster','Grossraum',0,'ready',11),(5341,'2','Handy','Fenster','Grossraum',0,'ready',45),(5342,'2','Handy','Fenster','Abteil',0,'ready',34),(5343,'2','Handy','Gang','Tisch',0,'ready',87),(5344,'2','Handy','Gang','Grossraum',1,'ready',12),(5345,'2','Handy','Fenster','Tisch',0,'ready',39),(5346,'2','Ruhe','Fenster','Tisch',0,'maintenance',12),(5347,'2','Ruhe','Gang','Grossraum',0,'broken',28),(5348,'2','Ruhe','Gang','Tisch',0,'ready',29),(5349,'1','Handy','Gang','Grossraum',1,'ready',29),(5350,'2','Ruhe','Gang','Tisch',0,'ready',80);
INSERT INTO `seat` VALUES (5351,'2','Ruhe','Fenster','Grossraum',1,'ready',59),(5352,'1','Handy','Gang','Tisch',0,'broken',16),(5353,'1','Ruhe','Gang','Abteil',0,'ready',57),(5354,'2','Handy','Fenster','Tisch',0,'maintenance',72),(5355,'2','Handy','Fenster','Abteil',0,'ready',45),(5356,'1','Handy','Fenster','Tisch',0,'ready',64),(5357,'2','Ruhe','Gang','Abteil',0,'ready',24),(5358,'1','Ruhe','Gang','Tisch',0,'ready',47),(5359,'2','Handy','Fenster','Tisch',1,'ready',5),(5360,'1','Handy','Fenster','Grossraum',0,'ready',39),(5361,'1','Ruhe','Fenster','Grossraum',0,'maintenance',5),(5362,'1','Handy','Fenster','Tisch',1,'disabled',29),(5363,'1','Ruhe','Fenster','Abteil',1,'ready',71),(5364,'2','Handy','Gang','Tisch',0,'ready',70),(5365,'1','Handy','Gang','Abteil',0,'disabled',70),(5366,'2','Handy','Fenster','Tisch',1,'ready',43),(5367,'1','Ruhe','Fenster','Abteil',0,'ready',65),(5368,'2','Ruhe','Gang','Tisch',0,'ready',80),(5369,'2','Ruhe','Gang','Grossraum',0,'ready',1),(5370,'1','Handy','Gang','Grossraum',0,'ready',49),(5371,'1','Handy','Fenster','Tisch',0,'disabled',51),(5372,'2','Ruhe','Fenster','Tisch',0,'ready',37),(5373,'1','Ruhe','Fenster','Abteil',0,'ready',46),(5374,'1','Ruhe','Fenster','Abteil',0,'ready',39),(5375,'2','Handy','Fenster','Tisch',0,'ready',76),(5376,'1','Ruhe','Fenster','Abteil',1,'disabled',32),(5377,'1','Handy','Fenster','Tisch',1,'ready',15),(5378,'2','Handy','Fenster','Grossraum',0,'ready',58),(5379,'1','Handy','Fenster','Tisch',0,'ready',17),(5380,'2','Handy','Gang','Tisch',0,'ready',30),(5381,'1','Ruhe','Fenster','Grossraum',0,'ready',6),(5382,'1','Ruhe','Gang','Grossraum',1,'ready',44),(5383,'2','Handy','Gang','Abteil',1,'ready',86),(5384,'2','Handy','Fenster','Abteil',0,'ready',9),(5385,'2','Handy','Gang','Grossraum',1,'maintenance',64),(5386,'2','Ruhe','Fenster','Tisch',0,'ready',53),(5387,'2','Handy','Gang','Tisch',0,'disabled',38),(5388,'1','Handy','Gang','Abteil',1,'ready',3),(5389,'1','Ruhe','Gang','Abteil',0,'ready',12),(5390,'2','Handy','Gang','Tisch',0,'ready',10),(5391,'1','Handy','Fenster','Grossraum',0,'ready',40),(5392,'1','Ruhe','Fenster','Tisch',0,'disabled',62),(5393,'2','Handy','Fenster','Grossraum',1,'ready',18),(5394,'1','Ruhe','Gang','Grossraum',0,'ready',12),(5395,'2','Ruhe','Fenster','Abteil',0,'ready',61),(5396,'1','Ruhe','Gang','Tisch',0,'ready',23),(5397,'2','Ruhe','Gang','Abteil',0,'ready',79),(5398,'1','Handy','Fenster','Grossraum',0,'ready',30),(5399,'2','Ruhe','Gang','Tisch',1,'ready',48),(5400,'2','Handy','Fenster','Tisch',0,'ready',77);
INSERT INTO `seat` VALUES (5401,'2','Handy','Gang','Abteil',1,'ready',82),(5402,'1','Ruhe','Fenster','Abteil',0,'ready',30),(5403,'1','Ruhe','Gang','Grossraum',0,'ready',34),(5404,'2','Handy','Fenster','Grossraum',0,'ready',75),(5405,'2','Ruhe','Fenster','Tisch',1,'ready',83),(5406,'1','Handy','Fenster','Abteil',0,'ready',87),(5407,'1','Handy','Fenster','Abteil',0,'ready',63),(5408,'2','Ruhe','Fenster','Abteil',1,'ready',60),(5409,'1','Handy','Gang','Abteil',1,'ready',45),(5410,'2','Ruhe','Fenster','Grossraum',0,'ready',16),(5411,'1','Handy','Fenster','Abteil',1,'ready',74),(5412,'1','Ruhe','Fenster','Grossraum',0,'broken',88),(5413,'1','Ruhe','Fenster','Tisch',0,'ready',32),(5414,'1','Ruhe','Gang','Tisch',1,'ready',31),(5415,'2','Handy','Gang','Abteil',0,'ready',8),(5416,'1','Handy','Gang','Abteil',0,'ready',30),(5417,'1','Handy','Fenster','Tisch',0,'maintenance',35),(5418,'1','Handy','Fenster','Abteil',1,'ready',49),(5419,'2','Ruhe','Fenster','Tisch',1,'ready',12),(5420,'1','Ruhe','Fenster','Abteil',0,'disabled',64),(5421,'1','Handy','Gang','Tisch',0,'ready',64),(5422,'1','Handy','Fenster','Abteil',0,'ready',51),(5423,'2','Ruhe','Fenster','Tisch',0,'ready',15),(5424,'2','Ruhe','Fenster','Grossraum',0,'ready',29),(5425,'1','Handy','Gang','Abteil',0,'ready',51),(5426,'2','Ruhe','Gang','Grossraum',1,'ready',2),(5427,'1','Ruhe','Fenster','Tisch',0,'ready',52),(5428,'1','Ruhe','Fenster','Tisch',0,'ready',9),(5429,'2','Handy','Fenster','Abteil',0,'ready',30),(5430,'2','Handy','Gang','Grossraum',0,'maintenance',65),(5431,'2','Ruhe','Gang','Abteil',0,'ready',82),(5432,'1','Handy','Fenster','Tisch',1,'broken',63),(5433,'1','Handy','Fenster','Abteil',1,'ready',24),(5434,'2','Ruhe','Fenster','Tisch',0,'ready',57),(5435,'1','Ruhe','Fenster','Abteil',0,'disabled',74),(5436,'1','Ruhe','Gang','Grossraum',0,'ready',13),(5437,'1','Handy','Gang','Abteil',0,'ready',12),(5438,'1','Handy','Fenster','Grossraum',1,'ready',28),(5439,'1','Ruhe','Fenster','Abteil',0,'ready',54),(5440,'2','Handy','Fenster','Grossraum',0,'ready',89),(5441,'1','Handy','Fenster','Grossraum',0,'ready',54),(5442,'1','Handy','Fenster','Abteil',0,'ready',86),(5443,'1','Handy','Fenster','Abteil',0,'ready',69),(5444,'1','Handy','Fenster','Grossraum',0,'maintenance',44),(5445,'1','Handy','Fenster','Tisch',0,'ready',58),(5446,'2','Ruhe','Fenster','Tisch',0,'ready',37),(5447,'2','Ruhe','Fenster','Grossraum',1,'ready',67),(5448,'1','Ruhe','Gang','Abteil',0,'ready',48),(5449,'2','Ruhe','Fenster','Abteil',0,'ready',57),(5450,'1','Ruhe','Gang','Abteil',1,'ready',36);
INSERT INTO `seat` VALUES (5451,'1','Ruhe','Gang','Grossraum',0,'ready',12),(5452,'2','Ruhe','Gang','Grossraum',0,'maintenance',14),(5453,'1','Ruhe','Fenster','Abteil',0,'broken',70),(5454,'1','Handy','Fenster','Abteil',1,'maintenance',57),(5455,'2','Handy','Fenster','Grossraum',1,'ready',29),(5456,'2','Ruhe','Gang','Abteil',1,'ready',24),(5457,'2','Handy','Gang','Grossraum',0,'ready',5),(5458,'2','Ruhe','Fenster','Grossraum',0,'ready',32),(5459,'2','Ruhe','Gang','Abteil',1,'broken',49),(5460,'2','Ruhe','Gang','Tisch',0,'ready',24),(5461,'1','Ruhe','Fenster','Tisch',1,'ready',88),(5462,'2','Ruhe','Fenster','Abteil',0,'ready',40),(5463,'1','Handy','Gang','Tisch',0,'maintenance',66),(5464,'2','Handy','Gang','Abteil',0,'broken',76),(5465,'2','Handy','Fenster','Tisch',0,'ready',83),(5466,'1','Ruhe','Fenster','Abteil',1,'broken',6),(5467,'1','Ruhe','Gang','Abteil',0,'maintenance',36),(5468,'2','Handy','Fenster','Grossraum',1,'ready',22),(5469,'2','Ruhe','Gang','Abteil',0,'ready',43),(5470,'2','Ruhe','Fenster','Tisch',1,'ready',90),(5471,'1','Handy','Gang','Abteil',0,'ready',55),(5472,'2','Ruhe','Gang','Grossraum',0,'ready',5),(5473,'1','Ruhe','Gang','Abteil',0,'ready',72),(5474,'1','Ruhe','Gang','Grossraum',0,'ready',39),(5475,'2','Handy','Gang','Tisch',1,'ready',75),(5476,'2','Ruhe','Fenster','Tisch',0,'ready',84),(5477,'1','Handy','Gang','Abteil',0,'ready',45),(5478,'2','Ruhe','Gang','Abteil',0,'maintenance',33),(5479,'2','Ruhe','Gang','Tisch',0,'ready',11),(5480,'2','Ruhe','Fenster','Abteil',0,'ready',39),(5481,'2','Ruhe','Fenster','Abteil',1,'ready',42),(5482,'2','Ruhe','Fenster','Abteil',0,'ready',12),(5483,'2','Ruhe','Fenster','Tisch',0,'ready',76),(5484,'1','Ruhe','Gang','Grossraum',1,'ready',23),(5485,'1','Ruhe','Gang','Abteil',1,'ready',75),(5486,'2','Handy','Fenster','Abteil',1,'ready',74),(5487,'1','Handy','Fenster','Tisch',1,'maintenance',47),(5488,'1','Ruhe','Fenster','Tisch',0,'ready',49),(5489,'1','Ruhe','Fenster','Grossraum',1,'ready',78),(5490,'2','Handy','Fenster','Grossraum',0,'broken',2),(5491,'1','Handy','Gang','Tisch',1,'ready',46),(5492,'1','Handy','Fenster','Grossraum',1,'ready',57),(5493,'1','Handy','Fenster','Abteil',0,'ready',67),(5494,'1','Ruhe','Gang','Tisch',0,'disabled',26),(5495,'1','Handy','Gang','Abteil',0,'ready',29),(5496,'1','Handy','Gang','Grossraum',0,'ready',38),(5497,'1','Handy','Gang','Tisch',0,'ready',49),(5498,'2','Ruhe','Fenster','Tisch',0,'ready',46),(5499,'2','Handy','Gang','Tisch',1,'disabled',48),(5500,'2','Handy','Fenster','Tisch',1,'ready',5);
INSERT INTO `seat` VALUES (5501,'2','Ruhe','Gang','Tisch',0,'ready',4),(5502,'1','Handy','Fenster','Grossraum',1,'ready',60),(5503,'2','Ruhe','Gang','Grossraum',0,'ready',30),(5504,'2','Ruhe','Gang','Tisch',1,'ready',28),(5505,'1','Handy','Fenster','Abteil',0,'ready',4),(5506,'1','Handy','Gang','Tisch',0,'maintenance',45),(5507,'2','Ruhe','Fenster','Abteil',0,'ready',58),(5508,'2','Handy','Fenster','Grossraum',0,'ready',54),(5509,'1','Ruhe','Fenster','Grossraum',1,'ready',39),(5510,'1','Handy','Fenster','Grossraum',1,'disabled',20),(5511,'2','Ruhe','Fenster','Grossraum',0,'ready',28),(5512,'2','Handy','Gang','Grossraum',0,'broken',20),(5513,'1','Handy','Fenster','Tisch',0,'ready',50),(5514,'1','Ruhe','Gang','Grossraum',0,'ready',22),(5515,'2','Ruhe','Fenster','Tisch',0,'maintenance',23),(5516,'1','Ruhe','Gang','Grossraum',0,'broken',54),(5517,'1','Handy','Fenster','Tisch',0,'ready',44),(5518,'2','Handy','Fenster','Grossraum',0,'disabled',29),(5519,'2','Ruhe','Fenster','Tisch',0,'broken',1),(5520,'2','Ruhe','Fenster','Abteil',0,'ready',51),(5521,'2','Ruhe','Fenster','Abteil',0,'ready',75),(5522,'2','Ruhe','Fenster','Grossraum',1,'ready',84),(5523,'2','Ruhe','Gang','Grossraum',0,'disabled',14),(5524,'2','Ruhe','Fenster','Abteil',1,'ready',20),(5525,'1','Ruhe','Gang','Grossraum',1,'ready',60),(5526,'2','Handy','Gang','Abteil',0,'ready',64),(5527,'1','Ruhe','Gang','Abteil',0,'ready',46),(5528,'1','Ruhe','Fenster','Grossraum',0,'ready',65),(5529,'1','Handy','Fenster','Grossraum',0,'ready',73),(5530,'2','Ruhe','Fenster','Grossraum',0,'ready',70),(5531,'1','Handy','Fenster','Tisch',1,'ready',71),(5532,'2','Ruhe','Fenster','Tisch',0,'ready',33),(5533,'2','Handy','Gang','Grossraum',0,'ready',40),(5534,'1','Ruhe','Fenster','Abteil',0,'ready',39),(5535,'2','Handy','Gang','Tisch',0,'ready',60),(5536,'1','Handy','Gang','Abteil',0,'ready',35),(5537,'1','Handy','Gang','Abteil',0,'ready',24),(5538,'2','Ruhe','Fenster','Abteil',1,'ready',15),(5539,'1','Handy','Gang','Abteil',0,'ready',21),(5540,'2','Ruhe','Fenster','Grossraum',0,'ready',73),(5541,'1','Ruhe','Gang','Tisch',0,'disabled',24),(5542,'2','Ruhe','Gang','Tisch',0,'ready',76),(5543,'1','Ruhe','Gang','Abteil',0,'broken',44),(5544,'1','Handy','Gang','Tisch',0,'ready',40),(5545,'1','Handy','Fenster','Grossraum',0,'ready',34),(5546,'2','Ruhe','Gang','Grossraum',1,'ready',18),(5547,'2','Handy','Gang','Tisch',0,'ready',8),(5548,'2','Ruhe','Gang','Tisch',0,'ready',57),(5549,'2','Handy','Gang','Tisch',0,'ready',4),(5550,'2','Handy','Gang','Abteil',0,'ready',79);
INSERT INTO `seat` VALUES (5551,'2','Ruhe','Gang','Tisch',0,'ready',44),(5552,'1','Handy','Gang','Grossraum',0,'ready',74),(5553,'1','Ruhe','Gang','Abteil',0,'maintenance',86),(5554,'2','Handy','Fenster','Tisch',1,'broken',41),(5555,'1','Ruhe','Fenster','Abteil',1,'disabled',3),(5556,'1','Ruhe','Gang','Tisch',0,'maintenance',31),(5557,'1','Handy','Fenster','Abteil',0,'ready',48),(5558,'2','Handy','Fenster','Tisch',0,'ready',88),(5559,'2','Ruhe','Fenster','Grossraum',0,'maintenance',7),(5560,'2','Ruhe','Fenster','Abteil',0,'ready',13),(5561,'1','Handy','Gang','Tisch',0,'ready',8),(5562,'2','Ruhe','Gang','Abteil',1,'ready',36),(5563,'2','Ruhe','Fenster','Tisch',1,'ready',86),(5564,'1','Ruhe','Fenster','Grossraum',0,'ready',65),(5565,'1','Handy','Fenster','Grossraum',0,'ready',42),(5566,'2','Ruhe','Gang','Grossraum',0,'ready',52),(5567,'1','Handy','Fenster','Tisch',0,'disabled',29),(5568,'1','Handy','Fenster','Abteil',0,'ready',74),(5569,'2','Handy','Fenster','Abteil',1,'disabled',71),(5570,'1','Ruhe','Fenster','Tisch',0,'ready',31),(5571,'1','Handy','Gang','Grossraum',0,'maintenance',15),(5572,'2','Handy','Gang','Tisch',0,'maintenance',57),(5573,'1','Handy','Fenster','Abteil',0,'ready',67),(5574,'2','Ruhe','Fenster','Tisch',0,'ready',34),(5575,'1','Handy','Gang','Grossraum',1,'ready',89),(5576,'1','Ruhe','Fenster','Abteil',1,'broken',90),(5577,'1','Handy','Gang','Tisch',0,'maintenance',38),(5578,'2','Ruhe','Fenster','Tisch',0,'ready',53),(5579,'2','Handy','Gang','Abteil',0,'ready',29),(5580,'1','Ruhe','Gang','Tisch',1,'ready',90),(5581,'2','Handy','Gang','Abteil',0,'ready',90),(5582,'2','Handy','Fenster','Tisch',1,'ready',22),(5583,'1','Ruhe','Fenster','Tisch',1,'broken',85),(5584,'2','Ruhe','Fenster','Abteil',0,'broken',30),(5585,'2','Handy','Fenster','Tisch',0,'ready',16),(5586,'1','Ruhe','Gang','Tisch',0,'ready',68),(5587,'1','Handy','Fenster','Abteil',1,'ready',1),(5588,'2','Handy','Fenster','Tisch',0,'ready',26),(5589,'2','Ruhe','Gang','Abteil',0,'ready',12),(5590,'2','Handy','Gang','Tisch',1,'ready',63),(5591,'1','Ruhe','Gang','Abteil',0,'ready',67),(5592,'2','Handy','Fenster','Tisch',0,'ready',52),(5593,'1','Handy','Gang','Tisch',0,'maintenance',19),(5594,'1','Handy','Gang','Grossraum',0,'broken',5),(5595,'2','Ruhe','Fenster','Grossraum',1,'maintenance',79),(5596,'1','Handy','Gang','Grossraum',1,'ready',50),(5597,'1','Ruhe','Gang','Grossraum',0,'ready',70),(5598,'1','Ruhe','Gang','Abteil',0,'maintenance',19),(5599,'1','Ruhe','Fenster','Abteil',0,'ready',24),(5600,'1','Handy','Fenster','Grossraum',1,'ready',11);
INSERT INTO `seat` VALUES (5601,'1','Handy','Fenster','Tisch',1,'broken',5),(5602,'2','Handy','Gang','Grossraum',1,'ready',59),(5603,'1','Ruhe','Fenster','Grossraum',0,'broken',50),(5604,'2','Handy','Fenster','Abteil',0,'disabled',38),(5605,'2','Ruhe','Gang','Abteil',1,'ready',23),(5606,'2','Handy','Gang','Abteil',0,'ready',85),(5607,'1','Handy','Fenster','Grossraum',0,'ready',3),(5608,'2','Ruhe','Gang','Grossraum',0,'ready',43),(5609,'1','Ruhe','Gang','Grossraum',0,'ready',44),(5610,'2','Ruhe','Gang','Abteil',0,'ready',32),(5611,'2','Ruhe','Fenster','Abteil',0,'ready',83),(5612,'1','Handy','Fenster','Tisch',0,'ready',57),(5613,'1','Handy','Fenster','Abteil',0,'ready',59),(5614,'2','Ruhe','Fenster','Tisch',0,'ready',4),(5615,'2','Handy','Gang','Grossraum',0,'ready',58),(5616,'1','Handy','Gang','Grossraum',0,'ready',4),(5617,'2','Ruhe','Gang','Grossraum',0,'ready',59),(5618,'2','Ruhe','Gang','Tisch',0,'ready',46),(5619,'2','Handy','Fenster','Tisch',0,'broken',43),(5620,'1','Ruhe','Fenster','Grossraum',0,'ready',47),(5621,'1','Handy','Gang','Tisch',0,'ready',52),(5622,'2','Ruhe','Fenster','Grossraum',0,'maintenance',48),(5623,'2','Ruhe','Fenster','Abteil',1,'broken',34),(5624,'1','Ruhe','Fenster','Tisch',0,'ready',90),(5625,'1','Handy','Gang','Abteil',0,'broken',64),(5626,'1','Handy','Fenster','Abteil',0,'ready',49),(5627,'2','Handy','Fenster','Tisch',0,'ready',88),(5628,'1','Handy','Fenster','Grossraum',0,'ready',60),(5629,'1','Handy','Fenster','Grossraum',0,'ready',64),(5630,'2','Handy','Fenster','Abteil',1,'ready',16),(5631,'2','Handy','Fenster','Grossraum',0,'disabled',85),(5632,'1','Handy','Gang','Abteil',0,'ready',2),(5633,'2','Ruhe','Fenster','Tisch',0,'ready',56),(5634,'2','Ruhe','Fenster','Tisch',0,'ready',11),(5635,'2','Ruhe','Fenster','Grossraum',1,'ready',6),(5636,'1','Ruhe','Fenster','Tisch',0,'maintenance',70),(5637,'1','Ruhe','Gang','Abteil',0,'ready',46),(5638,'1','Handy','Fenster','Abteil',1,'ready',67),(5639,'1','Handy','Gang','Tisch',0,'ready',7),(5640,'1','Ruhe','Gang','Abteil',1,'maintenance',88),(5641,'2','Handy','Fenster','Grossraum',0,'ready',75),(5642,'1','Ruhe','Fenster','Tisch',0,'disabled',49),(5643,'2','Handy','Fenster','Tisch',0,'ready',63),(5644,'2','Ruhe','Gang','Grossraum',0,'disabled',58),(5645,'2','Handy','Gang','Tisch',0,'ready',28),(5646,'1','Handy','Fenster','Abteil',1,'ready',50),(5647,'1','Handy','Fenster','Abteil',0,'ready',40),(5648,'2','Handy','Fenster','Tisch',0,'disabled',28),(5649,'2','Handy','Fenster','Grossraum',0,'ready',14),(5650,'2','Ruhe','Gang','Grossraum',0,'ready',41);
INSERT INTO `seat` VALUES (5651,'2','Handy','Gang','Tisch',0,'ready',67),(5652,'2','Ruhe','Gang','Grossraum',0,'broken',23),(5653,'2','Ruhe','Fenster','Grossraum',1,'ready',16),(5654,'1','Ruhe','Gang','Grossraum',0,'ready',82),(5655,'1','Handy','Gang','Grossraum',0,'ready',44),(5656,'2','Handy','Gang','Grossraum',0,'ready',52),(5657,'1','Handy','Gang','Grossraum',0,'ready',18),(5658,'2','Handy','Gang','Tisch',0,'ready',41),(5659,'1','Ruhe','Fenster','Tisch',0,'ready',80),(5660,'1','Handy','Gang','Abteil',0,'broken',13),(5661,'1','Handy','Fenster','Grossraum',0,'broken',15),(5662,'1','Ruhe','Gang','Tisch',0,'ready',26),(5663,'1','Ruhe','Gang','Abteil',0,'ready',60),(5664,'1','Ruhe','Fenster','Abteil',0,'disabled',45),(5665,'1','Ruhe','Fenster','Grossraum',0,'ready',83),(5666,'1','Handy','Gang','Abteil',0,'ready',58),(5667,'2','Handy','Gang','Tisch',0,'ready',13),(5668,'1','Ruhe','Fenster','Grossraum',1,'ready',31),(5669,'2','Ruhe','Gang','Abteil',1,'ready',51),(5670,'2','Ruhe','Fenster','Abteil',0,'broken',81),(5671,'2','Handy','Fenster','Tisch',0,'ready',65),(5672,'1','Handy','Fenster','Abteil',1,'ready',9),(5673,'1','Handy','Gang','Grossraum',0,'ready',62),(5674,'2','Handy','Gang','Grossraum',0,'broken',86),(5675,'2','Ruhe','Fenster','Tisch',0,'ready',15),(5676,'1','Ruhe','Gang','Grossraum',0,'maintenance',58),(5677,'1','Handy','Gang','Abteil',0,'ready',11),(5678,'1','Handy','Gang','Tisch',0,'ready',84),(5679,'1','Handy','Fenster','Grossraum',0,'maintenance',18),(5680,'1','Ruhe','Gang','Tisch',0,'ready',37),(5681,'2','Handy','Gang','Tisch',1,'ready',23),(5682,'1','Handy','Gang','Tisch',0,'ready',26),(5683,'1','Ruhe','Fenster','Abteil',0,'broken',18),(5684,'1','Handy','Fenster','Abteil',0,'ready',88),(5685,'1','Ruhe','Fenster','Tisch',0,'disabled',4),(5686,'2','Ruhe','Fenster','Abteil',1,'ready',21),(5687,'2','Ruhe','Gang','Grossraum',0,'ready',20),(5688,'2','Ruhe','Gang','Grossraum',0,'disabled',85),(5689,'2','Handy','Fenster','Tisch',0,'ready',67),(5690,'1','Ruhe','Fenster','Tisch',0,'ready',62),(5691,'1','Handy','Fenster','Abteil',1,'ready',48),(5692,'1','Handy','Fenster','Grossraum',0,'ready',48),(5693,'2','Handy','Fenster','Grossraum',0,'ready',28),(5694,'2','Handy','Gang','Abteil',0,'ready',23),(5695,'1','Ruhe','Gang','Abteil',0,'ready',69),(5696,'1','Handy','Gang','Grossraum',0,'maintenance',70),(5697,'1','Handy','Gang','Grossraum',1,'ready',63),(5698,'2','Handy','Fenster','Tisch',1,'ready',13),(5699,'1','Handy','Gang','Abteil',0,'ready',23),(5700,'1','Ruhe','Fenster','Abteil',0,'ready',36);
INSERT INTO `seat` VALUES (5701,'2','Ruhe','Gang','Tisch',1,'disabled',12),(5702,'2','Ruhe','Gang','Abteil',1,'broken',75),(5703,'2','Ruhe','Gang','Abteil',0,'ready',59),(5704,'1','Handy','Fenster','Abteil',0,'ready',90),(5705,'2','Ruhe','Gang','Grossraum',1,'ready',16),(5706,'2','Ruhe','Fenster','Tisch',0,'ready',7),(5707,'2','Handy','Fenster','Abteil',0,'maintenance',61),(5708,'2','Ruhe','Gang','Grossraum',0,'ready',27),(5709,'2','Handy','Fenster','Tisch',0,'ready',70),(5710,'2','Handy','Gang','Tisch',1,'ready',69),(5711,'2','Handy','Gang','Grossraum',0,'disabled',11),(5712,'1','Handy','Gang','Grossraum',1,'ready',36),(5713,'2','Handy','Fenster','Grossraum',1,'ready',53),(5714,'2','Handy','Fenster','Grossraum',1,'ready',24),(5715,'2','Handy','Gang','Grossraum',0,'ready',43),(5716,'2','Handy','Gang','Abteil',0,'ready',71),(5717,'2','Ruhe','Gang','Grossraum',0,'broken',51),(5718,'1','Ruhe','Gang','Tisch',0,'ready',48),(5719,'1','Ruhe','Gang','Abteil',0,'ready',76),(5720,'1','Ruhe','Gang','Abteil',0,'maintenance',88),(5721,'1','Ruhe','Fenster','Tisch',0,'ready',26),(5722,'1','Ruhe','Gang','Grossraum',0,'ready',81),(5723,'2','Handy','Gang','Abteil',0,'ready',35),(5724,'2','Handy','Fenster','Grossraum',0,'ready',82),(5725,'2','Handy','Fenster','Abteil',0,'ready',33),(5726,'2','Ruhe','Fenster','Abteil',1,'ready',80),(5727,'2','Ruhe','Fenster','Abteil',0,'ready',11),(5728,'1','Handy','Gang','Tisch',0,'ready',41),(5729,'1','Ruhe','Gang','Tisch',0,'disabled',62),(5730,'2','Handy','Gang','Abteil',1,'disabled',74),(5731,'2','Handy','Gang','Grossraum',1,'ready',50),(5732,'2','Ruhe','Gang','Abteil',0,'ready',22),(5733,'1','Handy','Gang','Tisch',0,'ready',1),(5734,'1','Handy','Fenster','Abteil',0,'disabled',2),(5735,'2','Handy','Fenster','Grossraum',1,'maintenance',32),(5736,'1','Ruhe','Gang','Abteil',0,'ready',74),(5737,'2','Ruhe','Gang','Abteil',0,'ready',48),(5738,'2','Handy','Fenster','Grossraum',1,'ready',27),(5739,'1','Handy','Gang','Abteil',1,'ready',68),(5740,'2','Ruhe','Fenster','Tisch',0,'ready',29),(5741,'2','Handy','Fenster','Abteil',1,'ready',72),(5742,'2','Ruhe','Fenster','Tisch',0,'ready',60),(5743,'2','Handy','Fenster','Abteil',0,'broken',33),(5744,'2','Handy','Gang','Tisch',0,'ready',76),(5745,'1','Handy','Fenster','Grossraum',1,'ready',57),(5746,'1','Ruhe','Gang','Abteil',0,'ready',43),(5747,'2','Handy','Gang','Abteil',0,'ready',6),(5748,'1','Ruhe','Gang','Tisch',0,'ready',39),(5749,'2','Ruhe','Fenster','Tisch',1,'ready',13),(5750,'1','Handy','Gang','Abteil',0,'ready',3);
INSERT INTO `seat` VALUES (5751,'1','Handy','Gang','Tisch',0,'broken',70),(5752,'1','Handy','Fenster','Tisch',0,'disabled',14),(5753,'2','Handy','Gang','Tisch',0,'ready',35),(5754,'2','Ruhe','Gang','Abteil',0,'ready',79),(5755,'2','Ruhe','Gang','Grossraum',0,'ready',22),(5756,'2','Ruhe','Fenster','Grossraum',0,'broken',19),(5757,'1','Handy','Gang','Abteil',0,'disabled',39),(5758,'1','Ruhe','Gang','Grossraum',0,'ready',6),(5759,'2','Handy','Fenster','Grossraum',1,'broken',66),(5760,'2','Handy','Fenster','Tisch',0,'disabled',43),(5761,'1','Handy','Gang','Tisch',0,'maintenance',25),(5762,'1','Ruhe','Fenster','Tisch',0,'disabled',56),(5763,'1','Handy','Gang','Abteil',0,'ready',71),(5764,'1','Handy','Gang','Grossraum',0,'maintenance',7),(5765,'2','Ruhe','Gang','Abteil',0,'ready',36),(5766,'1','Handy','Fenster','Abteil',0,'ready',77),(5767,'1','Handy','Gang','Grossraum',1,'broken',75),(5768,'2','Ruhe','Gang','Abteil',0,'disabled',42),(5769,'2','Ruhe','Gang','Tisch',1,'ready',50),(5770,'1','Ruhe','Gang','Tisch',0,'broken',7),(5771,'1','Handy','Gang','Grossraum',0,'ready',90),(5772,'2','Handy','Fenster','Abteil',0,'ready',90),(5773,'2','Ruhe','Fenster','Abteil',0,'disabled',63),(5774,'2','Ruhe','Gang','Grossraum',1,'ready',17),(5775,'2','Handy','Gang','Tisch',1,'disabled',8),(5776,'1','Ruhe','Fenster','Abteil',1,'ready',30),(5777,'1','Handy','Gang','Grossraum',0,'ready',9),(5778,'2','Handy','Gang','Tisch',0,'ready',14),(5779,'2','Ruhe','Gang','Tisch',0,'ready',81),(5780,'1','Handy','Fenster','Grossraum',0,'ready',69),(5781,'2','Handy','Gang','Tisch',1,'ready',7),(5782,'1','Handy','Fenster','Tisch',0,'ready',24),(5783,'1','Handy','Fenster','Tisch',1,'ready',90),(5784,'1','Ruhe','Fenster','Grossraum',0,'disabled',51),(5785,'2','Handy','Fenster','Grossraum',0,'disabled',68),(5786,'1','Ruhe','Gang','Abteil',1,'ready',77),(5787,'2','Handy','Gang','Grossraum',0,'disabled',37),(5788,'1','Handy','Fenster','Grossraum',0,'ready',56),(5789,'1','Handy','Fenster','Tisch',0,'ready',47),(5790,'2','Ruhe','Gang','Tisch',0,'ready',72),(5791,'1','Handy','Fenster','Abteil',1,'ready',58),(5792,'2','Handy','Fenster','Grossraum',0,'ready',76),(5793,'1','Handy','Fenster','Tisch',0,'ready',34),(5794,'2','Ruhe','Gang','Grossraum',0,'ready',63),(5795,'1','Handy','Fenster','Grossraum',1,'maintenance',10),(5796,'2','Handy','Fenster','Abteil',0,'ready',49),(5797,'2','Handy','Gang','Abteil',0,'ready',49),(5798,'2','Handy','Fenster','Grossraum',0,'ready',79),(5799,'1','Ruhe','Gang','Grossraum',0,'ready',64),(5800,'2','Handy','Gang','Abteil',1,'ready',25);
INSERT INTO `seat` VALUES (5801,'2','Handy','Gang','Tisch',0,'ready',84),(5802,'2','Handy','Gang','Abteil',0,'broken',85),(5803,'2','Ruhe','Fenster','Abteil',1,'ready',87),(5804,'2','Handy','Fenster','Abteil',0,'ready',47),(5805,'1','Ruhe','Fenster','Grossraum',0,'ready',15),(5806,'2','Ruhe','Gang','Abteil',1,'ready',8),(5807,'1','Ruhe','Fenster','Tisch',0,'ready',41),(5808,'1','Ruhe','Fenster','Tisch',0,'disabled',26),(5809,'1','Handy','Fenster','Tisch',0,'ready',68),(5810,'2','Handy','Gang','Grossraum',0,'ready',68),(5811,'1','Handy','Gang','Tisch',0,'ready',16),(5812,'2','Handy','Fenster','Abteil',0,'maintenance',1),(5813,'2','Handy','Fenster','Grossraum',0,'ready',53),(5814,'2','Handy','Fenster','Grossraum',1,'ready',39),(5815,'1','Handy','Fenster','Abteil',1,'ready',39),(5816,'2','Handy','Gang','Abteil',0,'ready',20),(5817,'2','Handy','Gang','Abteil',1,'ready',57),(5818,'1','Ruhe','Gang','Abteil',1,'ready',39),(5819,'1','Handy','Gang','Grossraum',0,'ready',15),(5820,'1','Ruhe','Fenster','Grossraum',0,'ready',13),(5821,'2','Handy','Gang','Tisch',0,'ready',6),(5822,'1','Handy','Gang','Tisch',0,'disabled',69),(5823,'1','Ruhe','Gang','Abteil',1,'maintenance',75),(5824,'1','Handy','Gang','Grossraum',1,'broken',63),(5825,'2','Handy','Fenster','Grossraum',1,'disabled',74),(5826,'2','Handy','Gang','Tisch',0,'ready',75),(5827,'1','Handy','Gang','Tisch',1,'ready',18),(5828,'1','Ruhe','Fenster','Grossraum',0,'ready',7),(5829,'1','Ruhe','Fenster','Tisch',0,'ready',73),(5830,'2','Ruhe','Gang','Tisch',0,'ready',83),(5831,'1','Handy','Fenster','Tisch',1,'maintenance',73),(5832,'2','Handy','Fenster','Grossraum',1,'broken',35),(5833,'1','Ruhe','Gang','Tisch',0,'ready',70),(5834,'2','Handy','Gang','Tisch',0,'ready',61),(5835,'2','Ruhe','Gang','Abteil',0,'ready',84),(5836,'2','Ruhe','Gang','Tisch',1,'ready',58),(5837,'1','Handy','Gang','Grossraum',0,'ready',49),(5838,'1','Ruhe','Gang','Abteil',1,'ready',41),(5839,'2','Ruhe','Fenster','Tisch',0,'ready',35),(5840,'2','Handy','Fenster','Grossraum',0,'maintenance',29),(5841,'1','Handy','Fenster','Tisch',0,'ready',60),(5842,'1','Ruhe','Fenster','Grossraum',1,'ready',48),(5843,'1','Handy','Fenster','Abteil',0,'ready',58),(5844,'1','Ruhe','Fenster','Tisch',0,'maintenance',18),(5845,'2','Ruhe','Gang','Grossraum',0,'ready',85),(5846,'2','Handy','Gang','Abteil',0,'maintenance',62),(5847,'2','Ruhe','Fenster','Tisch',0,'ready',53),(5848,'1','Ruhe','Fenster','Grossraum',0,'ready',63),(5849,'1','Handy','Gang','Tisch',0,'ready',19),(5850,'1','Ruhe','Fenster','Abteil',0,'ready',7);
INSERT INTO `seat` VALUES (5851,'2','Ruhe','Fenster','Tisch',0,'ready',29),(5852,'2','Handy','Fenster','Tisch',1,'ready',68),(5853,'2','Ruhe','Gang','Grossraum',0,'ready',74),(5854,'2','Handy','Fenster','Tisch',0,'ready',43),(5855,'2','Handy','Fenster','Abteil',1,'ready',14),(5856,'1','Ruhe','Fenster','Abteil',0,'ready',82),(5857,'1','Ruhe','Gang','Grossraum',0,'disabled',22),(5858,'2','Ruhe','Gang','Grossraum',0,'ready',89),(5859,'1','Ruhe','Fenster','Grossraum',0,'ready',87),(5860,'1','Ruhe','Fenster','Abteil',0,'ready',18),(5861,'1','Handy','Fenster','Grossraum',0,'ready',46),(5862,'1','Handy','Fenster','Tisch',1,'ready',88),(5863,'1','Handy','Gang','Abteil',0,'ready',59),(5864,'1','Ruhe','Gang','Grossraum',0,'maintenance',68),(5865,'2','Ruhe','Gang','Abteil',0,'ready',29),(5866,'2','Ruhe','Gang','Tisch',0,'ready',41),(5867,'1','Ruhe','Fenster','Abteil',0,'ready',21),(5868,'1','Handy','Gang','Grossraum',0,'ready',66),(5869,'1','Ruhe','Fenster','Abteil',0,'ready',69),(5870,'2','Handy','Gang','Tisch',0,'ready',83),(5871,'2','Ruhe','Fenster','Abteil',0,'ready',51),(5872,'1','Ruhe','Fenster','Grossraum',0,'ready',66),(5873,'2','Handy','Fenster','Grossraum',0,'ready',32),(5874,'2','Ruhe','Fenster','Tisch',1,'ready',74),(5875,'2','Ruhe','Fenster','Abteil',1,'ready',89),(5876,'2','Ruhe','Fenster','Abteil',1,'ready',4),(5877,'1','Handy','Gang','Grossraum',0,'disabled',61),(5878,'1','Handy','Gang','Grossraum',0,'maintenance',10),(5879,'2','Handy','Fenster','Abteil',0,'maintenance',88),(5880,'2','Handy','Fenster','Grossraum',0,'ready',16),(5881,'2','Handy','Fenster','Grossraum',0,'broken',45),(5882,'1','Ruhe','Gang','Abteil',0,'maintenance',58),(5883,'2','Handy','Gang','Tisch',0,'ready',10),(5884,'2','Ruhe','Fenster','Abteil',0,'ready',9),(5885,'2','Ruhe','Fenster','Abteil',0,'ready',84),(5886,'2','Ruhe','Fenster','Tisch',0,'ready',6),(5887,'1','Handy','Fenster','Tisch',0,'ready',68),(5888,'2','Handy','Gang','Grossraum',0,'disabled',12),(5889,'2','Ruhe','Gang','Grossraum',0,'maintenance',85),(5890,'2','Ruhe','Fenster','Grossraum',0,'ready',82),(5891,'2','Ruhe','Gang','Grossraum',0,'maintenance',13),(5892,'1','Ruhe','Gang','Abteil',0,'ready',89),(5893,'2','Handy','Gang','Grossraum',0,'ready',63),(5894,'2','Handy','Gang','Tisch',1,'ready',13),(5895,'2','Ruhe','Gang','Abteil',0,'ready',12),(5896,'2','Ruhe','Gang','Grossraum',1,'ready',60),(5897,'2','Handy','Gang','Abteil',0,'ready',25),(5898,'2','Ruhe','Fenster','Grossraum',0,'maintenance',12),(5899,'1','Ruhe','Fenster','Tisch',0,'ready',60),(5900,'1','Handy','Gang','Abteil',0,'ready',31);
INSERT INTO `seat` VALUES (5901,'2','Ruhe','Gang','Grossraum',0,'maintenance',75),(5902,'2','Ruhe','Gang','Abteil',0,'broken',87),(5903,'1','Handy','Fenster','Abteil',1,'ready',35),(5904,'2','Ruhe','Fenster','Grossraum',1,'ready',23),(5905,'1','Ruhe','Gang','Grossraum',0,'broken',37),(5906,'1','Ruhe','Fenster','Tisch',0,'ready',83),(5907,'1','Handy','Gang','Abteil',1,'ready',58),(5908,'1','Handy','Fenster','Grossraum',0,'ready',23),(5909,'1','Handy','Gang','Tisch',1,'ready',11),(5910,'1','Ruhe','Fenster','Abteil',0,'ready',88),(5911,'1','Ruhe','Gang','Abteil',0,'ready',7),(5912,'1','Handy','Fenster','Grossraum',0,'ready',19),(5913,'1','Ruhe','Fenster','Tisch',0,'ready',33),(5914,'2','Ruhe','Gang','Abteil',0,'ready',79),(5915,'1','Ruhe','Gang','Abteil',1,'ready',58),(5916,'2','Handy','Gang','Abteil',0,'ready',37),(5917,'1','Handy','Fenster','Tisch',0,'ready',57),(5918,'2','Ruhe','Fenster','Abteil',0,'disabled',41),(5919,'2','Handy','Gang','Tisch',0,'ready',61),(5920,'1','Ruhe','Fenster','Grossraum',0,'ready',70),(5921,'2','Ruhe','Gang','Abteil',0,'ready',27),(5922,'2','Handy','Fenster','Tisch',1,'ready',86),(5923,'2','Ruhe','Gang','Grossraum',1,'ready',73),(5924,'1','Ruhe','Gang','Abteil',0,'ready',7),(5925,'1','Handy','Fenster','Abteil',0,'ready',17),(5926,'1','Ruhe','Gang','Abteil',0,'ready',88),(5927,'2','Ruhe','Fenster','Grossraum',0,'disabled',28),(5928,'2','Ruhe','Gang','Tisch',0,'ready',86),(5929,'2','Ruhe','Fenster','Tisch',0,'ready',38),(5930,'1','Ruhe','Gang','Grossraum',0,'disabled',44),(5931,'2','Handy','Fenster','Tisch',0,'ready',50),(5932,'1','Handy','Gang','Tisch',0,'broken',59),(5933,'2','Handy','Fenster','Tisch',1,'ready',81),(5934,'2','Ruhe','Fenster','Abteil',0,'ready',3),(5935,'1','Handy','Fenster','Abteil',0,'ready',76),(5936,'2','Ruhe','Fenster','Abteil',1,'ready',78),(5937,'1','Handy','Gang','Abteil',0,'ready',87),(5938,'2','Ruhe','Gang','Grossraum',0,'ready',67),(5939,'2','Ruhe','Gang','Abteil',0,'ready',25),(5940,'1','Handy','Fenster','Abteil',1,'ready',85),(5941,'1','Ruhe','Fenster','Abteil',0,'ready',65),(5942,'2','Handy','Gang','Tisch',0,'ready',11),(5943,'2','Handy','Fenster','Grossraum',1,'ready',7),(5944,'1','Ruhe','Gang','Grossraum',0,'ready',74),(5945,'2','Ruhe','Fenster','Grossraum',1,'broken',9),(5946,'1','Ruhe','Gang','Abteil',0,'disabled',75),(5947,'1','Handy','Fenster','Abteil',0,'ready',59),(5948,'1','Ruhe','Gang','Grossraum',0,'ready',27),(5949,'1','Handy','Gang','Tisch',0,'maintenance',11),(5950,'1','Handy','Fenster','Tisch',0,'ready',8);
INSERT INTO `seat` VALUES (5951,'1','Ruhe','Fenster','Tisch',0,'ready',24),(5952,'2','Ruhe','Fenster','Tisch',1,'ready',74),(5953,'1','Handy','Fenster','Grossraum',1,'ready',81),(5954,'1','Handy','Fenster','Grossraum',0,'broken',29),(5955,'1','Ruhe','Fenster','Abteil',0,'ready',62),(5956,'1','Handy','Fenster','Abteil',0,'disabled',66),(5957,'1','Handy','Fenster','Tisch',1,'ready',36),(5958,'2','Ruhe','Gang','Grossraum',0,'ready',42),(5959,'2','Handy','Gang','Abteil',0,'ready',41),(5960,'2','Ruhe','Fenster','Tisch',0,'ready',12),(5961,'2','Ruhe','Gang','Tisch',0,'ready',85),(5962,'1','Handy','Gang','Abteil',0,'ready',72),(5963,'2','Ruhe','Fenster','Grossraum',1,'broken',82),(5964,'1','Handy','Gang','Tisch',0,'ready',8),(5965,'2','Ruhe','Fenster','Abteil',0,'ready',51),(5966,'1','Ruhe','Fenster','Grossraum',1,'ready',78),(5967,'2','Ruhe','Gang','Grossraum',0,'ready',31),(5968,'1','Handy','Fenster','Grossraum',0,'broken',36),(5969,'1','Handy','Gang','Grossraum',0,'ready',70),(5970,'2','Handy','Gang','Grossraum',0,'broken',53),(5971,'2','Ruhe','Fenster','Grossraum',0,'ready',89),(5972,'2','Handy','Fenster','Grossraum',0,'ready',74),(5973,'2','Handy','Fenster','Tisch',0,'ready',33),(5974,'2','Handy','Gang','Grossraum',0,'ready',48),(5975,'1','Ruhe','Gang','Grossraum',0,'ready',85),(5976,'1','Handy','Gang','Tisch',0,'ready',67),(5977,'2','Handy','Fenster','Abteil',0,'ready',35),(5978,'1','Handy','Fenster','Tisch',0,'ready',43),(5979,'1','Ruhe','Fenster','Abteil',0,'maintenance',6),(5980,'2','Ruhe','Gang','Abteil',0,'ready',47),(5981,'2','Ruhe','Gang','Abteil',1,'ready',52),(5982,'1','Ruhe','Fenster','Abteil',1,'broken',78),(5983,'2','Handy','Fenster','Tisch',0,'ready',40),(5984,'1','Ruhe','Gang','Grossraum',0,'ready',40),(5985,'2','Ruhe','Fenster','Tisch',0,'ready',65),(5986,'1','Ruhe','Gang','Tisch',0,'disabled',79),(5987,'1','Handy','Gang','Tisch',0,'ready',44),(5988,'1','Ruhe','Gang','Grossraum',0,'ready',6),(5989,'1','Handy','Fenster','Abteil',1,'ready',44),(5990,'1','Ruhe','Fenster','Grossraum',0,'ready',4),(5991,'1','Ruhe','Gang','Abteil',0,'ready',43),(5992,'2','Ruhe','Gang','Abteil',0,'ready',40),(5993,'1','Handy','Gang','Grossraum',0,'broken',2),(5994,'1','Handy','Gang','Tisch',0,'ready',13),(5995,'2','Handy','Gang','Tisch',1,'maintenance',31),(5996,'1','Handy','Fenster','Tisch',0,'ready',11),(5997,'2','Handy','Gang','Grossraum',1,'ready',50),(5998,'2','Handy','Gang','Tisch',0,'ready',11),(5999,'1','Handy','Gang','Abteil',0,'maintenance',30),(6000,'2','Ruhe','Gang','Tisch',0,'ready',48);
INSERT INTO `seat` VALUES (6001,'2','Ruhe','Gang','Grossraum',0,'disabled',55),(6002,'1','Handy','Fenster','Abteil',0,'ready',77),(6003,'1','Ruhe','Fenster','Grossraum',0,'maintenance',74),(6004,'1','Handy','Gang','Grossraum',0,'ready',82),(6005,'2','Ruhe','Gang','Grossraum',0,'ready',71),(6006,'1','Ruhe','Fenster','Tisch',0,'ready',33),(6007,'1','Handy','Gang','Tisch',0,'ready',46),(6008,'2','Ruhe','Fenster','Tisch',1,'ready',90),(6009,'1','Handy','Gang','Grossraum',1,'ready',76),(6010,'2','Handy','Gang','Grossraum',0,'broken',29),(6011,'2','Ruhe','Gang','Grossraum',0,'ready',86),(6012,'1','Ruhe','Fenster','Tisch',0,'ready',84),(6013,'1','Handy','Gang','Grossraum',0,'broken',48),(6014,'2','Handy','Fenster','Tisch',0,'ready',89),(6015,'2','Handy','Gang','Grossraum',1,'ready',24),(6016,'2','Ruhe','Fenster','Grossraum',0,'ready',1),(6017,'1','Handy','Gang','Grossraum',0,'ready',27),(6018,'2','Ruhe','Gang','Tisch',1,'ready',72),(6019,'1','Handy','Fenster','Grossraum',0,'ready',70),(6020,'1','Handy','Gang','Grossraum',0,'ready',25),(6021,'1','Ruhe','Gang','Grossraum',1,'ready',57),(6022,'2','Handy','Gang','Abteil',1,'ready',45),(6023,'1','Ruhe','Gang','Tisch',1,'maintenance',43),(6024,'1','Handy','Gang','Tisch',0,'ready',80),(6025,'1','Ruhe','Fenster','Tisch',0,'ready',65),(6026,'2','Handy','Gang','Tisch',0,'broken',23),(6027,'2','Handy','Gang','Grossraum',0,'ready',73),(6028,'2','Ruhe','Gang','Abteil',0,'broken',44),(6029,'1','Handy','Gang','Grossraum',0,'ready',1),(6030,'2','Handy','Fenster','Abteil',0,'ready',69),(6031,'1','Handy','Fenster','Grossraum',0,'ready',86),(6032,'2','Ruhe','Fenster','Tisch',0,'ready',2),(6033,'1','Handy','Fenster','Abteil',0,'maintenance',4),(6034,'2','Handy','Fenster','Tisch',0,'ready',10),(6035,'1','Handy','Gang','Grossraum',0,'ready',65),(6036,'1','Ruhe','Gang','Grossraum',0,'ready',21),(6037,'1','Ruhe','Gang','Grossraum',0,'ready',15),(6038,'2','Ruhe','Gang','Abteil',0,'ready',83),(6039,'1','Ruhe','Gang','Tisch',0,'ready',55),(6040,'2','Ruhe','Gang','Abteil',0,'ready',13),(6041,'2','Handy','Fenster','Tisch',0,'ready',44),(6042,'1','Ruhe','Fenster','Abteil',0,'ready',89),(6043,'1','Handy','Fenster','Abteil',0,'disabled',9),(6044,'2','Ruhe','Fenster','Grossraum',1,'ready',89),(6045,'1','Handy','Gang','Tisch',1,'ready',63),(6046,'1','Handy','Gang','Grossraum',0,'ready',44),(6047,'1','Handy','Gang','Abteil',0,'ready',26),(6048,'2','Handy','Gang','Grossraum',1,'broken',65),(6049,'1','Ruhe','Fenster','Grossraum',0,'ready',25),(6050,'2','Handy','Gang','Grossraum',0,'disabled',39);
INSERT INTO `seat` VALUES (6051,'2','Handy','Gang','Tisch',0,'broken',6),(6052,'1','Ruhe','Fenster','Tisch',0,'ready',29),(6053,'2','Ruhe','Gang','Grossraum',0,'ready',6),(6054,'1','Handy','Fenster','Abteil',0,'broken',50),(6055,'1','Ruhe','Fenster','Grossraum',0,'maintenance',65),(6056,'2','Handy','Gang','Tisch',1,'ready',44),(6057,'1','Ruhe','Fenster','Grossraum',0,'disabled',10),(6058,'1','Handy','Gang','Grossraum',1,'ready',86),(6059,'1','Ruhe','Fenster','Abteil',0,'ready',9),(6060,'2','Handy','Fenster','Abteil',0,'maintenance',24),(6061,'2','Ruhe','Fenster','Grossraum',0,'ready',43),(6062,'1','Ruhe','Fenster','Grossraum',0,'ready',75),(6063,'1','Ruhe','Gang','Tisch',0,'ready',77),(6064,'2','Ruhe','Gang','Grossraum',0,'maintenance',50),(6065,'2','Handy','Gang','Abteil',0,'disabled',42),(6066,'1','Handy','Fenster','Abteil',1,'ready',67),(6067,'2','Ruhe','Fenster','Grossraum',0,'broken',47),(6068,'2','Handy','Gang','Tisch',0,'disabled',18),(6069,'2','Handy','Gang','Abteil',0,'ready',7),(6070,'2','Ruhe','Gang','Tisch',0,'maintenance',13),(6071,'1','Ruhe','Fenster','Tisch',0,'maintenance',25),(6072,'2','Handy','Gang','Abteil',0,'ready',57),(6073,'2','Ruhe','Gang','Abteil',1,'ready',82),(6074,'1','Ruhe','Fenster','Abteil',0,'ready',22),(6075,'2','Ruhe','Fenster','Grossraum',0,'ready',10),(6076,'2','Handy','Fenster','Grossraum',0,'maintenance',11),(6077,'1','Handy','Fenster','Abteil',0,'ready',20),(6078,'2','Ruhe','Gang','Tisch',0,'ready',39),(6079,'1','Handy','Gang','Grossraum',0,'ready',83),(6080,'2','Ruhe','Gang','Grossraum',0,'maintenance',61),(6081,'2','Ruhe','Gang','Tisch',0,'ready',15),(6082,'2','Ruhe','Gang','Grossraum',0,'ready',12),(6083,'1','Ruhe','Fenster','Tisch',1,'ready',5),(6084,'2','Handy','Gang','Tisch',0,'ready',28),(6085,'1','Ruhe','Gang','Tisch',0,'broken',7),(6086,'2','Ruhe','Fenster','Tisch',0,'ready',78),(6087,'1','Handy','Gang','Tisch',0,'ready',62),(6088,'1','Ruhe','Fenster','Grossraum',0,'ready',1),(6089,'2','Ruhe','Fenster','Tisch',1,'ready',64),(6090,'2','Ruhe','Gang','Abteil',1,'ready',1),(6091,'2','Ruhe','Gang','Grossraum',0,'ready',63),(6092,'2','Handy','Gang','Tisch',0,'ready',41),(6093,'1','Handy','Gang','Grossraum',0,'ready',63),(6094,'2','Ruhe','Fenster','Tisch',1,'disabled',32),(6095,'2','Ruhe','Gang','Tisch',0,'ready',78),(6096,'1','Ruhe','Gang','Grossraum',1,'ready',78),(6097,'1','Handy','Fenster','Abteil',1,'ready',1),(6098,'1','Ruhe','Fenster','Grossraum',1,'ready',72),(6099,'1','Handy','Fenster','Tisch',1,'ready',24),(6100,'2','Ruhe','Fenster','Grossraum',0,'maintenance',80);
INSERT INTO `seat` VALUES (6101,'1','Ruhe','Gang','Abteil',0,'ready',12),(6102,'2','Ruhe','Fenster','Tisch',0,'ready',42),(6103,'2','Ruhe','Gang','Abteil',0,'ready',39),(6104,'1','Ruhe','Gang','Tisch',0,'broken',36),(6105,'2','Ruhe','Gang','Abteil',0,'ready',66),(6106,'1','Ruhe','Gang','Abteil',0,'disabled',80),(6107,'1','Ruhe','Fenster','Grossraum',0,'ready',72),(6108,'1','Ruhe','Gang','Abteil',1,'broken',43),(6109,'2','Handy','Fenster','Grossraum',0,'ready',17),(6110,'1','Ruhe','Gang','Tisch',1,'ready',4),(6111,'2','Ruhe','Gang','Abteil',0,'ready',3),(6112,'1','Handy','Fenster','Grossraum',0,'ready',4),(6113,'2','Ruhe','Fenster','Grossraum',0,'broken',89),(6114,'1','Handy','Gang','Grossraum',0,'ready',1),(6115,'2','Ruhe','Gang','Grossraum',0,'maintenance',32),(6116,'2','Ruhe','Gang','Tisch',0,'ready',54),(6117,'2','Ruhe','Gang','Abteil',0,'disabled',43),(6118,'1','Handy','Gang','Grossraum',0,'ready',49),(6119,'1','Handy','Fenster','Abteil',0,'broken',75),(6120,'1','Ruhe','Fenster','Grossraum',0,'maintenance',15),(6121,'1','Handy','Gang','Tisch',1,'ready',38),(6122,'2','Handy','Fenster','Tisch',0,'ready',75),(6123,'2','Ruhe','Fenster','Grossraum',0,'ready',64),(6124,'1','Handy','Gang','Tisch',0,'ready',12),(6125,'1','Handy','Gang','Grossraum',0,'ready',8),(6126,'1','Ruhe','Fenster','Grossraum',0,'ready',18),(6127,'2','Handy','Fenster','Abteil',0,'ready',53),(6128,'2','Ruhe','Fenster','Tisch',0,'disabled',12),(6129,'1','Ruhe','Gang','Tisch',0,'ready',58),(6130,'1','Ruhe','Fenster','Grossraum',0,'ready',12),(6131,'2','Ruhe','Fenster','Grossraum',0,'ready',58),(6132,'1','Handy','Fenster','Abteil',0,'ready',60),(6133,'2','Ruhe','Gang','Abteil',0,'ready',72),(6134,'1','Ruhe','Gang','Abteil',0,'ready',33),(6135,'2','Handy','Fenster','Grossraum',0,'ready',42),(6136,'2','Ruhe','Gang','Tisch',0,'ready',38),(6137,'1','Handy','Fenster','Grossraum',0,'ready',27),(6138,'2','Handy','Gang','Abteil',1,'ready',32),(6139,'1','Ruhe','Gang','Grossraum',0,'maintenance',90),(6140,'2','Ruhe','Gang','Abteil',1,'ready',59),(6141,'2','Ruhe','Fenster','Tisch',1,'ready',63),(6142,'2','Ruhe','Gang','Grossraum',1,'ready',36),(6143,'1','Ruhe','Fenster','Grossraum',0,'ready',18),(6144,'2','Ruhe','Gang','Abteil',1,'maintenance',53),(6145,'1','Handy','Gang','Tisch',0,'ready',77),(6146,'2','Ruhe','Gang','Grossraum',1,'ready',1),(6147,'2','Handy','Gang','Abteil',0,'ready',22),(6148,'2','Handy','Fenster','Grossraum',0,'ready',4),(6149,'1','Handy','Gang','Abteil',0,'ready',1),(6150,'2','Ruhe','Gang','Abteil',0,'ready',10);
INSERT INTO `seat` VALUES (6151,'2','Ruhe','Fenster','Abteil',1,'ready',65),(6152,'1','Handy','Fenster','Abteil',0,'ready',84),(6153,'1','Ruhe','Fenster','Tisch',0,'ready',13),(6154,'2','Handy','Gang','Tisch',1,'disabled',40),(6155,'2','Ruhe','Fenster','Abteil',0,'ready',30),(6156,'1','Ruhe','Fenster','Abteil',0,'maintenance',26),(6157,'1','Handy','Fenster','Abteil',0,'ready',84),(6158,'1','Handy','Gang','Tisch',1,'ready',22),(6159,'2','Ruhe','Gang','Tisch',0,'ready',27),(6160,'1','Handy','Gang','Grossraum',0,'broken',71),(6161,'2','Ruhe','Fenster','Abteil',0,'ready',68),(6162,'2','Ruhe','Fenster','Tisch',0,'ready',17),(6163,'1','Ruhe','Gang','Grossraum',0,'ready',59),(6164,'1','Ruhe','Gang','Grossraum',0,'ready',52),(6165,'2','Ruhe','Fenster','Grossraum',0,'ready',26),(6166,'2','Handy','Fenster','Grossraum',0,'ready',3),(6167,'2','Ruhe','Fenster','Tisch',0,'ready',80),(6168,'2','Handy','Fenster','Tisch',0,'ready',34),(6169,'2','Ruhe','Gang','Tisch',0,'broken',35),(6170,'1','Handy','Fenster','Grossraum',0,'maintenance',57),(6171,'1','Ruhe','Gang','Tisch',0,'disabled',76),(6172,'1','Ruhe','Gang','Grossraum',0,'ready',61),(6173,'1','Handy','Fenster','Grossraum',0,'ready',64),(6174,'2','Handy','Gang','Tisch',0,'maintenance',68),(6175,'1','Handy','Fenster','Grossraum',0,'ready',1),(6176,'2','Ruhe','Fenster','Tisch',0,'ready',26),(6177,'1','Ruhe','Gang','Tisch',1,'ready',41),(6178,'1','Ruhe','Gang','Grossraum',0,'ready',13),(6179,'2','Ruhe','Gang','Tisch',1,'broken',58),(6180,'2','Handy','Fenster','Grossraum',0,'ready',77),(6181,'2','Ruhe','Fenster','Abteil',0,'ready',53),(6182,'2','Handy','Fenster','Abteil',0,'maintenance',41),(6183,'1','Ruhe','Fenster','Tisch',1,'maintenance',75),(6184,'2','Handy','Fenster','Grossraum',0,'disabled',83),(6185,'1','Handy','Gang','Tisch',0,'ready',53),(6186,'1','Handy','Fenster','Abteil',0,'ready',38),(6187,'2','Ruhe','Fenster','Tisch',0,'ready',77),(6188,'1','Handy','Gang','Abteil',0,'ready',42),(6189,'2','Handy','Gang','Abteil',0,'ready',21),(6190,'2','Handy','Fenster','Abteil',1,'ready',19),(6191,'2','Handy','Fenster','Grossraum',0,'ready',65),(6192,'2','Ruhe','Fenster','Grossraum',1,'ready',88),(6193,'2','Handy','Gang','Abteil',0,'ready',55),(6194,'1','Handy','Gang','Tisch',0,'maintenance',23),(6195,'2','Handy','Fenster','Abteil',0,'ready',30),(6196,'2','Handy','Gang','Grossraum',1,'ready',35),(6197,'1','Handy','Fenster','Grossraum',1,'ready',63),(6198,'1','Handy','Gang','Tisch',0,'ready',16),(6199,'1','Ruhe','Fenster','Abteil',0,'ready',59),(6200,'1','Ruhe','Fenster','Grossraum',1,'ready',42);
INSERT INTO `seat` VALUES (6201,'1','Ruhe','Gang','Abteil',0,'maintenance',2),(6202,'1','Ruhe','Fenster','Tisch',1,'broken',77),(6203,'2','Ruhe','Gang','Grossraum',1,'ready',56),(6204,'2','Handy','Fenster','Grossraum',1,'disabled',25),(6205,'1','Ruhe','Fenster','Tisch',0,'ready',88),(6206,'2','Ruhe','Fenster','Tisch',0,'ready',28),(6207,'1','Handy','Gang','Tisch',0,'ready',41),(6208,'1','Handy','Fenster','Tisch',1,'ready',26),(6209,'1','Handy','Fenster','Tisch',0,'disabled',79),(6210,'2','Handy','Fenster','Abteil',0,'disabled',77),(6211,'1','Handy','Gang','Grossraum',0,'ready',33),(6212,'2','Handy','Fenster','Grossraum',1,'ready',53),(6213,'2','Handy','Fenster','Tisch',0,'broken',71),(6214,'2','Handy','Gang','Abteil',1,'ready',45),(6215,'1','Handy','Gang','Abteil',1,'disabled',22),(6216,'1','Handy','Fenster','Abteil',1,'ready',77),(6217,'1','Ruhe','Fenster','Abteil',0,'broken',2),(6218,'1','Handy','Gang','Tisch',1,'ready',1),(6219,'2','Handy','Gang','Grossraum',1,'disabled',71),(6220,'2','Ruhe','Fenster','Abteil',1,'ready',44),(6221,'2','Handy','Fenster','Tisch',0,'ready',17),(6222,'2','Ruhe','Gang','Abteil',0,'ready',51),(6223,'2','Ruhe','Gang','Tisch',0,'disabled',24),(6224,'2','Ruhe','Fenster','Abteil',0,'ready',61),(6225,'1','Handy','Fenster','Grossraum',0,'ready',85),(6226,'1','Ruhe','Gang','Grossraum',0,'ready',26),(6227,'2','Handy','Fenster','Abteil',1,'ready',15),(6228,'1','Handy','Gang','Tisch',0,'ready',34),(6229,'1','Handy','Gang','Abteil',0,'disabled',30),(6230,'2','Handy','Gang','Tisch',0,'broken',10),(6231,'2','Handy','Gang','Grossraum',1,'ready',25),(6232,'1','Handy','Fenster','Grossraum',0,'ready',50),(6233,'2','Ruhe','Gang','Grossraum',0,'ready',77),(6234,'1','Ruhe','Fenster','Grossraum',1,'ready',52),(6235,'1','Handy','Gang','Grossraum',0,'maintenance',59),(6236,'1','Handy','Gang','Abteil',0,'ready',36),(6237,'2','Handy','Fenster','Grossraum',1,'ready',87),(6238,'2','Handy','Gang','Grossraum',1,'ready',64),(6239,'2','Ruhe','Fenster','Tisch',0,'ready',11),(6240,'2','Ruhe','Fenster','Tisch',0,'ready',9),(6241,'1','Ruhe','Fenster','Grossraum',0,'ready',60),(6242,'1','Handy','Fenster','Tisch',0,'disabled',80),(6243,'2','Handy','Gang','Grossraum',0,'ready',64),(6244,'2','Ruhe','Fenster','Abteil',1,'ready',10),(6245,'1','Ruhe','Gang','Abteil',0,'ready',42),(6246,'2','Ruhe','Gang','Abteil',1,'ready',41),(6247,'2','Handy','Gang','Abteil',1,'ready',9),(6248,'1','Handy','Gang','Tisch',0,'maintenance',35),(6249,'1','Handy','Gang','Tisch',0,'disabled',4),(6250,'1','Handy','Gang','Abteil',0,'ready',54);
INSERT INTO `seat` VALUES (6251,'2','Ruhe','Gang','Tisch',0,'disabled',73),(6252,'1','Handy','Gang','Abteil',0,'ready',31),(6253,'1','Ruhe','Fenster','Tisch',0,'disabled',80),(6254,'1','Ruhe','Fenster','Tisch',0,'ready',54),(6255,'1','Ruhe','Gang','Grossraum',0,'ready',70),(6256,'1','Handy','Fenster','Grossraum',0,'ready',79),(6257,'2','Ruhe','Fenster','Abteil',0,'disabled',84),(6258,'1','Handy','Gang','Grossraum',0,'ready',45),(6259,'2','Ruhe','Fenster','Grossraum',0,'ready',25),(6260,'2','Handy','Fenster','Tisch',0,'ready',2),(6261,'1','Ruhe','Fenster','Abteil',0,'broken',43),(6262,'1','Handy','Gang','Grossraum',0,'ready',47),(6263,'2','Ruhe','Fenster','Grossraum',1,'ready',72),(6264,'2','Handy','Fenster','Grossraum',0,'ready',70),(6265,'1','Handy','Fenster','Tisch',0,'broken',22),(6266,'1','Handy','Fenster','Tisch',0,'ready',47),(6267,'2','Handy','Fenster','Abteil',0,'ready',34),(6268,'2','Handy','Gang','Abteil',1,'disabled',86),(6269,'2','Handy','Gang','Grossraum',1,'ready',80),(6270,'2','Ruhe','Gang','Grossraum',0,'broken',90),(6271,'2','Handy','Fenster','Grossraum',0,'broken',42),(6272,'1','Ruhe','Gang','Tisch',0,'ready',84),(6273,'2','Handy','Fenster','Grossraum',0,'ready',47),(6274,'1','Handy','Gang','Abteil',1,'ready',15),(6275,'2','Ruhe','Gang','Tisch',1,'ready',72),(6276,'2','Handy','Gang','Grossraum',0,'ready',78),(6277,'2','Ruhe','Gang','Abteil',0,'ready',33),(6278,'1','Ruhe','Fenster','Grossraum',0,'ready',13),(6279,'1','Ruhe','Gang','Tisch',0,'ready',81),(6280,'2','Ruhe','Fenster','Tisch',1,'disabled',81),(6281,'2','Handy','Gang','Tisch',0,'maintenance',37),(6282,'1','Ruhe','Fenster','Grossraum',1,'ready',2),(6283,'1','Ruhe','Gang','Abteil',0,'ready',60),(6284,'1','Handy','Gang','Abteil',1,'ready',21),(6285,'2','Handy','Gang','Grossraum',0,'broken',31),(6286,'2','Ruhe','Gang','Tisch',0,'disabled',89),(6287,'2','Ruhe','Fenster','Tisch',0,'ready',2),(6288,'1','Ruhe','Gang','Tisch',0,'disabled',61),(6289,'1','Ruhe','Fenster','Abteil',0,'disabled',4),(6290,'2','Handy','Gang','Tisch',0,'ready',19),(6291,'1','Handy','Fenster','Grossraum',0,'ready',49),(6292,'2','Handy','Gang','Tisch',0,'broken',28),(6293,'1','Ruhe','Gang','Tisch',1,'disabled',73),(6294,'2','Handy','Gang','Abteil',0,'ready',36),(6295,'2','Handy','Gang','Abteil',0,'ready',66),(6296,'2','Ruhe','Gang','Tisch',0,'ready',64),(6297,'1','Ruhe','Fenster','Tisch',0,'ready',44),(6298,'1','Handy','Fenster','Grossraum',0,'ready',77),(6299,'2','Ruhe','Fenster','Grossraum',1,'ready',51),(6300,'2','Handy','Fenster','Grossraum',1,'ready',87);
INSERT INTO `seat` VALUES (6301,'2','Ruhe','Fenster','Tisch',1,'broken',47),(6302,'1','Ruhe','Fenster','Abteil',1,'ready',43),(6303,'2','Ruhe','Gang','Grossraum',0,'maintenance',27),(6304,'1','Ruhe','Gang','Grossraum',0,'ready',63),(6305,'1','Handy','Gang','Tisch',1,'disabled',83),(6306,'2','Handy','Gang','Grossraum',1,'ready',59),(6307,'2','Ruhe','Gang','Grossraum',0,'ready',33),(6308,'1','Handy','Fenster','Tisch',0,'ready',78),(6309,'1','Ruhe','Gang','Tisch',0,'broken',26),(6310,'1','Ruhe','Fenster','Abteil',1,'ready',58),(6311,'1','Ruhe','Fenster','Tisch',0,'ready',78),(6312,'1','Handy','Gang','Abteil',1,'ready',69),(6313,'1','Handy','Gang','Grossraum',0,'ready',62),(6314,'2','Handy','Fenster','Abteil',0,'ready',59),(6315,'2','Ruhe','Gang','Tisch',0,'ready',13),(6316,'2','Ruhe','Fenster','Tisch',0,'ready',83),(6317,'2','Ruhe','Gang','Abteil',1,'maintenance',61),(6318,'2','Ruhe','Fenster','Grossraum',0,'ready',88),(6319,'1','Ruhe','Fenster','Grossraum',0,'ready',40),(6320,'2','Handy','Gang','Abteil',0,'ready',82),(6321,'1','Ruhe','Fenster','Abteil',0,'ready',65),(6322,'1','Handy','Fenster','Tisch',1,'ready',86),(6323,'1','Ruhe','Gang','Tisch',1,'ready',65),(6324,'2','Ruhe','Fenster','Grossraum',1,'ready',19),(6325,'1','Handy','Gang','Tisch',1,'ready',55),(6326,'2','Handy','Gang','Grossraum',1,'broken',60),(6327,'1','Handy','Fenster','Tisch',0,'ready',65),(6328,'2','Handy','Fenster','Tisch',0,'ready',27),(6329,'1','Handy','Gang','Abteil',0,'ready',1),(6330,'1','Ruhe','Fenster','Abteil',0,'ready',37),(6331,'2','Ruhe','Fenster','Abteil',1,'maintenance',28),(6332,'1','Handy','Fenster','Abteil',0,'ready',11),(6333,'2','Ruhe','Gang','Abteil',0,'ready',74),(6334,'2','Ruhe','Gang','Abteil',0,'ready',35),(6335,'1','Ruhe','Fenster','Grossraum',0,'ready',47),(6336,'1','Handy','Gang','Abteil',0,'ready',19),(6337,'2','Handy','Gang','Abteil',1,'maintenance',40),(6338,'2','Ruhe','Gang','Abteil',1,'ready',81),(6339,'2','Ruhe','Gang','Abteil',0,'ready',29),(6340,'2','Handy','Fenster','Grossraum',0,'ready',59),(6341,'2','Handy','Fenster','Abteil',0,'ready',86),(6342,'1','Ruhe','Fenster','Abteil',1,'ready',43),(6343,'1','Handy','Gang','Grossraum',0,'ready',53),(6344,'2','Handy','Gang','Tisch',0,'ready',30),(6345,'1','Handy','Fenster','Grossraum',1,'ready',25),(6346,'2','Handy','Fenster','Grossraum',0,'maintenance',86),(6347,'2','Ruhe','Fenster','Grossraum',0,'ready',39),(6348,'2','Ruhe','Gang','Grossraum',0,'ready',64),(6349,'1','Handy','Fenster','Grossraum',0,'disabled',80),(6350,'2','Handy','Fenster','Abteil',0,'disabled',27);
INSERT INTO `seat` VALUES (6351,'2','Handy','Gang','Grossraum',1,'ready',81),(6352,'2','Handy','Fenster','Grossraum',1,'ready',67),(6353,'1','Handy','Gang','Grossraum',0,'ready',21),(6354,'2','Ruhe','Gang','Grossraum',1,'ready',58),(6355,'2','Ruhe','Gang','Grossraum',0,'disabled',53),(6356,'2','Handy','Gang','Grossraum',0,'ready',19),(6357,'1','Handy','Fenster','Grossraum',1,'ready',86),(6358,'2','Ruhe','Fenster','Abteil',0,'broken',74),(6359,'2','Ruhe','Gang','Abteil',0,'ready',27),(6360,'1','Ruhe','Gang','Abteil',0,'ready',71),(6361,'2','Ruhe','Gang','Tisch',0,'disabled',17),(6362,'2','Ruhe','Fenster','Tisch',1,'ready',82),(6363,'2','Handy','Fenster','Tisch',1,'ready',51),(6364,'1','Handy','Gang','Tisch',0,'ready',66),(6365,'2','Ruhe','Gang','Abteil',0,'ready',5),(6366,'1','Ruhe','Fenster','Grossraum',0,'disabled',73),(6367,'1','Ruhe','Fenster','Tisch',0,'ready',55),(6368,'1','Handy','Gang','Grossraum',0,'ready',16),(6369,'1','Handy','Gang','Grossraum',1,'ready',28),(6370,'1','Handy','Gang','Tisch',0,'ready',77),(6371,'2','Ruhe','Gang','Tisch',1,'ready',63),(6372,'2','Ruhe','Gang','Grossraum',1,'ready',18),(6373,'1','Ruhe','Fenster','Abteil',0,'ready',23),(6374,'1','Handy','Gang','Tisch',0,'broken',76),(6375,'2','Handy','Fenster','Grossraum',0,'ready',82),(6376,'2','Ruhe','Gang','Abteil',0,'maintenance',6),(6377,'1','Ruhe','Gang','Grossraum',0,'ready',63),(6378,'1','Handy','Fenster','Abteil',0,'ready',14),(6379,'1','Handy','Gang','Tisch',0,'broken',85),(6380,'1','Handy','Fenster','Tisch',0,'disabled',74),(6381,'1','Ruhe','Fenster','Abteil',1,'ready',22),(6382,'1','Handy','Fenster','Grossraum',0,'ready',60),(6383,'1','Handy','Fenster','Tisch',1,'ready',41),(6384,'2','Ruhe','Fenster','Grossraum',0,'maintenance',18),(6385,'2','Handy','Fenster','Tisch',0,'ready',27),(6386,'1','Handy','Fenster','Grossraum',0,'ready',63),(6387,'1','Handy','Fenster','Tisch',0,'ready',32),(6388,'2','Ruhe','Gang','Tisch',0,'ready',75),(6389,'1','Ruhe','Gang','Grossraum',0,'ready',29),(6390,'1','Ruhe','Gang','Abteil',0,'disabled',45),(6391,'1','Ruhe','Fenster','Tisch',1,'ready',29),(6392,'1','Handy','Fenster','Abteil',0,'ready',85),(6393,'1','Ruhe','Gang','Tisch',0,'maintenance',48),(6394,'1','Handy','Fenster','Tisch',0,'ready',61),(6395,'1','Ruhe','Gang','Tisch',0,'ready',30),(6396,'2','Ruhe','Fenster','Tisch',0,'broken',20),(6397,'2','Handy','Gang','Tisch',1,'disabled',37),(6398,'2','Handy','Fenster','Abteil',0,'ready',81),(6399,'2','Ruhe','Fenster','Tisch',0,'ready',4),(6400,'1','Handy','Gang','Abteil',1,'ready',82);
INSERT INTO `seat` VALUES (6401,'2','Ruhe','Fenster','Tisch',0,'ready',40),(6402,'1','Handy','Fenster','Grossraum',1,'ready',57),(6403,'1','Ruhe','Gang','Abteil',1,'ready',62),(6404,'2','Ruhe','Gang','Grossraum',0,'ready',60),(6405,'2','Ruhe','Gang','Tisch',0,'ready',25),(6406,'1','Handy','Fenster','Abteil',1,'maintenance',60),(6407,'1','Handy','Fenster','Tisch',0,'ready',2),(6408,'1','Handy','Fenster','Abteil',0,'maintenance',55),(6409,'2','Handy','Gang','Grossraum',1,'ready',65),(6410,'1','Ruhe','Gang','Grossraum',0,'disabled',37),(6411,'2','Ruhe','Fenster','Tisch',1,'ready',90),(6412,'2','Ruhe','Fenster','Abteil',1,'ready',57),(6413,'2','Ruhe','Gang','Tisch',0,'ready',7),(6414,'1','Handy','Gang','Grossraum',1,'broken',53),(6415,'1','Ruhe','Fenster','Abteil',1,'ready',73),(6416,'1','Ruhe','Fenster','Tisch',0,'ready',31),(6417,'1','Handy','Gang','Abteil',0,'maintenance',62),(6418,'2','Handy','Gang','Abteil',0,'ready',71),(6419,'1','Ruhe','Fenster','Tisch',0,'broken',62),(6420,'2','Ruhe','Gang','Tisch',0,'ready',6),(6421,'2','Handy','Fenster','Abteil',0,'ready',78),(6422,'2','Handy','Gang','Tisch',0,'ready',72),(6423,'2','Handy','Gang','Abteil',1,'disabled',51),(6424,'1','Ruhe','Gang','Abteil',1,'ready',90),(6425,'1','Ruhe','Fenster','Grossraum',0,'ready',66),(6426,'1','Handy','Fenster','Grossraum',0,'ready',68),(6427,'2','Handy','Gang','Grossraum',1,'ready',14),(6428,'2','Handy','Fenster','Abteil',0,'ready',73),(6429,'2','Ruhe','Fenster','Tisch',0,'ready',72),(6430,'1','Ruhe','Gang','Tisch',0,'ready',44),(6431,'2','Handy','Fenster','Grossraum',0,'ready',87),(6432,'1','Ruhe','Gang','Tisch',1,'disabled',57),(6433,'2','Handy','Fenster','Grossraum',0,'disabled',74),(6434,'1','Ruhe','Fenster','Grossraum',1,'ready',82),(6435,'2','Handy','Fenster','Abteil',0,'ready',63),(6436,'1','Handy','Gang','Abteil',0,'maintenance',57),(6437,'1','Ruhe','Fenster','Grossraum',0,'ready',14),(6438,'1','Ruhe','Gang','Tisch',1,'ready',24),(6439,'1','Ruhe','Fenster','Tisch',0,'ready',79),(6440,'2','Ruhe','Fenster','Abteil',0,'ready',88),(6441,'2','Ruhe','Fenster','Abteil',0,'ready',77),(6442,'2','Ruhe','Fenster','Tisch',0,'ready',47),(6443,'2','Handy','Gang','Grossraum',0,'ready',12),(6444,'2','Ruhe','Fenster','Tisch',1,'ready',52),(6445,'1','Handy','Fenster','Abteil',0,'ready',40),(6446,'1','Handy','Gang','Abteil',0,'ready',51),(6447,'1','Handy','Fenster','Grossraum',0,'disabled',47),(6448,'2','Handy','Fenster','Tisch',0,'broken',29),(6449,'1','Ruhe','Gang','Abteil',0,'ready',25),(6450,'1','Handy','Gang','Grossraum',1,'ready',31);
INSERT INTO `seat` VALUES (6451,'1','Handy','Fenster','Tisch',0,'ready',85),(6452,'2','Ruhe','Gang','Tisch',1,'disabled',9),(6453,'1','Ruhe','Fenster','Grossraum',0,'broken',47),(6454,'1','Handy','Gang','Abteil',0,'ready',84),(6455,'2','Ruhe','Fenster','Tisch',0,'ready',69),(6456,'1','Ruhe','Gang','Abteil',1,'ready',48),(6457,'2','Handy','Fenster','Tisch',1,'ready',30),(6458,'1','Ruhe','Gang','Tisch',1,'broken',29),(6459,'1','Ruhe','Fenster','Abteil',0,'maintenance',19),(6460,'2','Ruhe','Gang','Abteil',0,'ready',66),(6461,'1','Handy','Fenster','Grossraum',0,'ready',70),(6462,'2','Handy','Gang','Grossraum',1,'ready',36),(6463,'2','Ruhe','Gang','Grossraum',0,'disabled',60),(6464,'2','Handy','Gang','Grossraum',0,'ready',39),(6465,'1','Ruhe','Gang','Tisch',0,'ready',19),(6466,'2','Handy','Gang','Tisch',1,'ready',51),(6467,'2','Ruhe','Fenster','Tisch',0,'maintenance',62),(6468,'1','Handy','Fenster','Abteil',0,'broken',24),(6469,'1','Handy','Gang','Abteil',1,'ready',64),(6470,'1','Ruhe','Gang','Grossraum',0,'broken',79),(6471,'1','Ruhe','Gang','Tisch',0,'ready',2),(6472,'1','Ruhe','Gang','Grossraum',0,'ready',89),(6473,'1','Ruhe','Gang','Tisch',0,'ready',22),(6474,'1','Ruhe','Fenster','Abteil',0,'ready',34),(6475,'1','Ruhe','Gang','Abteil',0,'broken',17),(6476,'2','Handy','Gang','Tisch',0,'ready',8),(6477,'2','Ruhe','Fenster','Abteil',1,'broken',26),(6478,'1','Ruhe','Gang','Tisch',0,'broken',73),(6479,'1','Handy','Fenster','Abteil',0,'ready',11),(6480,'1','Handy','Gang','Grossraum',0,'disabled',83),(6481,'2','Ruhe','Gang','Abteil',1,'maintenance',64),(6482,'1','Handy','Gang','Abteil',0,'broken',30),(6483,'1','Handy','Fenster','Grossraum',1,'ready',51),(6484,'2','Handy','Gang','Tisch',1,'ready',88),(6485,'1','Ruhe','Fenster','Tisch',1,'maintenance',33),(6486,'2','Ruhe','Gang','Grossraum',0,'ready',40),(6487,'2','Handy','Gang','Grossraum',0,'ready',30),(6488,'2','Ruhe','Fenster','Abteil',0,'ready',83),(6489,'1','Ruhe','Gang','Abteil',0,'ready',71),(6490,'1','Ruhe','Gang','Tisch',0,'ready',63),(6491,'2','Ruhe','Fenster','Tisch',0,'ready',73),(6492,'1','Ruhe','Fenster','Grossraum',0,'ready',31),(6493,'2','Handy','Gang','Abteil',0,'ready',43),(6494,'2','Ruhe','Fenster','Abteil',1,'ready',22),(6495,'1','Ruhe','Fenster','Tisch',1,'ready',88),(6496,'1','Ruhe','Gang','Abteil',1,'ready',59),(6497,'1','Handy','Fenster','Abteil',1,'ready',73),(6498,'1','Ruhe','Fenster','Abteil',1,'ready',65),(6499,'2','Ruhe','Fenster','Tisch',0,'ready',38),(6500,'2','Ruhe','Gang','Grossraum',0,'disabled',6);
INSERT INTO `seat` VALUES (6501,'1','Handy','Gang','Tisch',0,'disabled',70),(6502,'2','Handy','Gang','Grossraum',1,'ready',28),(6503,'1','Ruhe','Fenster','Abteil',0,'broken',52),(6504,'1','Ruhe','Fenster','Tisch',1,'ready',48),(6505,'2','Ruhe','Fenster','Tisch',0,'ready',72),(6506,'2','Ruhe','Gang','Tisch',0,'ready',50),(6507,'2','Ruhe','Fenster','Abteil',0,'maintenance',27),(6508,'1','Handy','Gang','Tisch',1,'ready',1),(6509,'2','Ruhe','Fenster','Tisch',0,'disabled',70),(6510,'1','Handy','Gang','Tisch',0,'ready',17),(6511,'1','Ruhe','Gang','Abteil',0,'broken',47),(6512,'1','Ruhe','Gang','Abteil',0,'maintenance',77),(6513,'1','Handy','Gang','Tisch',0,'maintenance',4),(6514,'2','Ruhe','Fenster','Abteil',0,'maintenance',72),(6515,'1','Ruhe','Fenster','Grossraum',0,'ready',76),(6516,'2','Handy','Fenster','Tisch',0,'broken',62),(6517,'1','Handy','Gang','Tisch',0,'ready',61),(6518,'2','Ruhe','Gang','Grossraum',0,'ready',61),(6519,'1','Ruhe','Gang','Abteil',0,'ready',75),(6520,'1','Handy','Gang','Grossraum',1,'ready',7),(6521,'2','Ruhe','Gang','Tisch',0,'ready',65),(6522,'2','Handy','Fenster','Tisch',0,'ready',32),(6523,'1','Ruhe','Gang','Abteil',0,'ready',82),(6524,'1','Ruhe','Gang','Tisch',0,'ready',83),(6525,'1','Handy','Gang','Tisch',1,'ready',82),(6526,'1','Ruhe','Fenster','Tisch',1,'maintenance',77),(6527,'2','Handy','Fenster','Grossraum',1,'ready',35),(6528,'2','Handy','Gang','Grossraum',0,'ready',9),(6529,'2','Ruhe','Fenster','Grossraum',0,'ready',41),(6530,'1','Handy','Gang','Tisch',0,'disabled',89),(6531,'2','Handy','Fenster','Grossraum',0,'ready',5),(6532,'1','Ruhe','Gang','Tisch',0,'ready',44),(6533,'1','Handy','Gang','Abteil',0,'ready',82),(6534,'1','Ruhe','Fenster','Tisch',0,'ready',16),(6535,'1','Ruhe','Gang','Tisch',1,'ready',17),(6536,'1','Handy','Gang','Tisch',1,'ready',47),(6537,'1','Ruhe','Gang','Tisch',0,'ready',20),(6538,'2','Ruhe','Gang','Grossraum',0,'ready',55),(6539,'2','Handy','Fenster','Tisch',0,'ready',71),(6540,'2','Handy','Gang','Grossraum',1,'ready',71),(6541,'1','Handy','Fenster','Tisch',0,'ready',72),(6542,'1','Ruhe','Fenster','Grossraum',0,'ready',29),(6543,'1','Handy','Fenster','Grossraum',0,'ready',36),(6544,'1','Ruhe','Gang','Tisch',0,'ready',1),(6545,'2','Ruhe','Gang','Grossraum',0,'ready',21),(6546,'2','Handy','Fenster','Abteil',0,'broken',26),(6547,'2','Ruhe','Gang','Grossraum',0,'ready',57),(6548,'1','Handy','Fenster','Grossraum',0,'ready',41),(6549,'2','Handy','Fenster','Abteil',0,'broken',61),(6550,'1','Ruhe','Gang','Abteil',0,'ready',51);
INSERT INTO `seat` VALUES (6551,'2','Ruhe','Fenster','Grossraum',0,'ready',40),(6552,'1','Ruhe','Gang','Abteil',0,'ready',34),(6553,'2','Handy','Gang','Abteil',0,'disabled',27),(6554,'2','Handy','Fenster','Tisch',0,'disabled',47),(6555,'2','Handy','Fenster','Grossraum',1,'ready',52),(6556,'1','Handy','Fenster','Abteil',1,'ready',27),(6557,'2','Ruhe','Fenster','Abteil',0,'disabled',47),(6558,'1','Handy','Gang','Abteil',0,'ready',27),(6559,'2','Handy','Gang','Abteil',0,'maintenance',72),(6560,'2','Handy','Gang','Abteil',0,'ready',37),(6561,'1','Ruhe','Gang','Tisch',0,'ready',25),(6562,'2','Ruhe','Gang','Tisch',1,'broken',58),(6563,'2','Handy','Gang','Abteil',1,'ready',24),(6564,'2','Ruhe','Fenster','Abteil',0,'ready',78),(6565,'1','Handy','Gang','Grossraum',0,'ready',4),(6566,'2','Ruhe','Gang','Grossraum',0,'broken',64),(6567,'2','Handy','Gang','Grossraum',0,'ready',14),(6568,'1','Ruhe','Fenster','Tisch',0,'ready',57),(6569,'2','Ruhe','Gang','Tisch',0,'ready',86),(6570,'2','Ruhe','Fenster','Grossraum',0,'ready',33),(6571,'1','Handy','Gang','Tisch',0,'ready',79),(6572,'2','Handy','Gang','Tisch',0,'ready',10),(6573,'1','Ruhe','Fenster','Grossraum',0,'ready',30),(6574,'2','Handy','Gang','Grossraum',0,'ready',58),(6575,'1','Ruhe','Gang','Abteil',0,'ready',45),(6576,'2','Handy','Gang','Grossraum',0,'ready',1),(6577,'1','Ruhe','Fenster','Tisch',1,'ready',39),(6578,'2','Handy','Fenster','Tisch',0,'ready',46),(6579,'1','Ruhe','Fenster','Grossraum',0,'ready',30),(6580,'1','Ruhe','Gang','Tisch',1,'ready',7),(6581,'1','Ruhe','Gang','Grossraum',0,'maintenance',83),(6582,'2','Ruhe','Gang','Abteil',1,'ready',72),(6583,'2','Ruhe','Fenster','Grossraum',0,'broken',20),(6584,'1','Ruhe','Fenster','Grossraum',0,'ready',84),(6585,'1','Ruhe','Fenster','Abteil',1,'ready',75),(6586,'1','Handy','Gang','Abteil',0,'broken',39),(6587,'1','Ruhe','Gang','Tisch',0,'ready',52),(6588,'1','Ruhe','Gang','Abteil',1,'broken',52),(6589,'2','Handy','Fenster','Tisch',1,'ready',69),(6590,'1','Ruhe','Gang','Abteil',0,'ready',23),(6591,'1','Ruhe','Gang','Grossraum',1,'ready',11),(6592,'2','Ruhe','Fenster','Grossraum',1,'ready',56),(6593,'1','Ruhe','Gang','Grossraum',1,'ready',30),(6594,'2','Handy','Fenster','Tisch',0,'ready',86),(6595,'1','Handy','Gang','Abteil',0,'ready',33),(6596,'1','Handy','Gang','Grossraum',1,'ready',10),(6597,'1','Handy','Gang','Grossraum',0,'ready',6),(6598,'1','Ruhe','Fenster','Abteil',0,'ready',70),(6599,'1','Ruhe','Gang','Tisch',0,'ready',76),(6600,'2','Ruhe','Gang','Tisch',0,'ready',66);
INSERT INTO `seat` VALUES (6601,'1','Ruhe','Fenster','Abteil',1,'ready',25),(6602,'2','Handy','Fenster','Grossraum',0,'ready',28),(6603,'2','Handy','Gang','Tisch',0,'disabled',78),(6604,'2','Ruhe','Fenster','Abteil',1,'disabled',20),(6605,'1','Ruhe','Gang','Grossraum',0,'ready',73),(6606,'2','Handy','Fenster','Tisch',0,'ready',86),(6607,'2','Ruhe','Gang','Grossraum',0,'ready',12),(6608,'2','Ruhe','Gang','Grossraum',1,'maintenance',90),(6609,'2','Handy','Gang','Grossraum',0,'ready',56),(6610,'1','Ruhe','Gang','Grossraum',0,'maintenance',51),(6611,'1','Ruhe','Gang','Grossraum',0,'ready',8),(6612,'2','Ruhe','Gang','Grossraum',1,'ready',21),(6613,'1','Ruhe','Fenster','Tisch',0,'ready',50),(6614,'1','Handy','Fenster','Grossraum',0,'ready',27),(6615,'1','Handy','Gang','Tisch',0,'ready',41),(6616,'2','Ruhe','Gang','Grossraum',1,'ready',47),(6617,'2','Handy','Gang','Grossraum',0,'ready',77),(6618,'1','Ruhe','Fenster','Tisch',0,'ready',33),(6619,'2','Handy','Fenster','Tisch',0,'disabled',62),(6620,'1','Ruhe','Gang','Grossraum',0,'ready',45),(6621,'2','Ruhe','Gang','Grossraum',0,'ready',51),(6622,'1','Handy','Gang','Grossraum',0,'broken',68),(6623,'1','Ruhe','Fenster','Tisch',0,'ready',49),(6624,'2','Handy','Gang','Abteil',0,'ready',52),(6625,'2','Ruhe','Fenster','Tisch',1,'disabled',55),(6626,'1','Ruhe','Fenster','Grossraum',1,'broken',60),(6627,'1','Ruhe','Fenster','Grossraum',0,'ready',75),(6628,'2','Handy','Fenster','Abteil',0,'ready',59),(6629,'1','Handy','Fenster','Abteil',1,'ready',2),(6630,'2','Handy','Fenster','Abteil',0,'ready',16),(6631,'1','Ruhe','Fenster','Abteil',0,'broken',3),(6632,'2','Handy','Fenster','Tisch',1,'ready',29),(6633,'2','Handy','Gang','Tisch',0,'ready',12),(6634,'1','Handy','Gang','Tisch',0,'ready',25),(6635,'2','Handy','Gang','Abteil',1,'ready',59),(6636,'1','Handy','Gang','Abteil',0,'disabled',88),(6637,'2','Handy','Fenster','Grossraum',0,'broken',33),(6638,'1','Handy','Gang','Tisch',0,'ready',29),(6639,'1','Ruhe','Fenster','Grossraum',0,'maintenance',32),(6640,'1','Ruhe','Gang','Tisch',0,'ready',23),(6641,'2','Ruhe','Gang','Abteil',0,'ready',18),(6642,'2','Handy','Fenster','Tisch',1,'ready',70),(6643,'1','Ruhe','Gang','Abteil',0,'ready',43),(6644,'1','Ruhe','Fenster','Grossraum',0,'maintenance',68),(6645,'2','Ruhe','Fenster','Tisch',0,'ready',54),(6646,'1','Ruhe','Gang','Grossraum',0,'ready',11),(6647,'2','Ruhe','Gang','Tisch',0,'ready',89),(6648,'2','Ruhe','Gang','Tisch',0,'ready',67),(6649,'2','Ruhe','Fenster','Grossraum',0,'broken',77),(6650,'1','Handy','Gang','Tisch',0,'ready',49);
INSERT INTO `seat` VALUES (6651,'2','Handy','Gang','Tisch',1,'maintenance',37),(6652,'2','Handy','Gang','Abteil',0,'ready',55),(6653,'2','Handy','Fenster','Abteil',0,'ready',5),(6654,'1','Handy','Fenster','Abteil',0,'ready',30),(6655,'2','Handy','Gang','Tisch',0,'broken',24),(6656,'1','Ruhe','Fenster','Grossraum',0,'ready',58),(6657,'1','Ruhe','Gang','Grossraum',0,'broken',20),(6658,'2','Ruhe','Gang','Grossraum',1,'ready',70),(6659,'1','Handy','Fenster','Abteil',1,'ready',89),(6660,'1','Ruhe','Fenster','Abteil',0,'ready',40),(6661,'2','Handy','Gang','Abteil',0,'ready',39),(6662,'2','Ruhe','Gang','Tisch',1,'ready',44),(6663,'2','Handy','Gang','Tisch',0,'ready',50),(6664,'1','Ruhe','Fenster','Tisch',1,'ready',30),(6665,'2','Handy','Gang','Abteil',0,'ready',14),(6666,'2','Handy','Gang','Grossraum',0,'ready',51),(6667,'2','Handy','Fenster','Grossraum',0,'ready',45),(6668,'1','Handy','Gang','Grossraum',0,'ready',54),(6669,'1','Ruhe','Fenster','Grossraum',1,'ready',65),(6670,'1','Ruhe','Gang','Abteil',0,'ready',31),(6671,'1','Handy','Fenster','Tisch',0,'ready',72),(6672,'1','Handy','Gang','Grossraum',0,'ready',90),(6673,'1','Ruhe','Fenster','Abteil',1,'disabled',33),(6674,'2','Ruhe','Fenster','Grossraum',0,'ready',41),(6675,'1','Handy','Fenster','Grossraum',0,'disabled',80),(6676,'1','Handy','Fenster','Grossraum',0,'maintenance',64),(6677,'1','Ruhe','Fenster','Grossraum',0,'ready',62),(6678,'2','Ruhe','Gang','Tisch',0,'ready',55),(6679,'2','Ruhe','Fenster','Abteil',1,'ready',70),(6680,'2','Handy','Gang','Grossraum',0,'maintenance',22),(6681,'1','Ruhe','Gang','Abteil',0,'ready',67),(6682,'2','Handy','Gang','Grossraum',0,'ready',12),(6683,'1','Ruhe','Gang','Tisch',0,'ready',75),(6684,'2','Handy','Fenster','Abteil',1,'ready',84),(6685,'2','Ruhe','Gang','Tisch',1,'broken',67),(6686,'1','Handy','Gang','Tisch',0,'ready',33),(6687,'1','Ruhe','Gang','Grossraum',0,'broken',51),(6688,'2','Ruhe','Fenster','Abteil',0,'ready',69),(6689,'2','Ruhe','Fenster','Grossraum',0,'broken',13),(6690,'1','Handy','Gang','Grossraum',0,'ready',87),(6691,'2','Handy','Fenster','Tisch',0,'ready',79),(6692,'2','Handy','Fenster','Tisch',0,'maintenance',31),(6693,'1','Handy','Gang','Abteil',0,'ready',73),(6694,'1','Handy','Fenster','Grossraum',0,'ready',67),(6695,'2','Handy','Gang','Grossraum',0,'ready',14),(6696,'2','Ruhe','Gang','Abteil',0,'disabled',63),(6697,'2','Ruhe','Gang','Tisch',1,'ready',29),(6698,'2','Ruhe','Gang','Abteil',0,'broken',51),(6699,'1','Ruhe','Gang','Grossraum',1,'broken',86),(6700,'2','Handy','Gang','Tisch',0,'ready',45);
INSERT INTO `seat` VALUES (6701,'2','Handy','Fenster','Abteil',0,'ready',42),(6702,'1','Handy','Gang','Tisch',1,'disabled',64),(6703,'1','Handy','Fenster','Grossraum',1,'ready',90),(6704,'2','Ruhe','Gang','Grossraum',0,'ready',54),(6705,'1','Handy','Gang','Abteil',0,'ready',30),(6706,'2','Handy','Gang','Tisch',0,'disabled',21),(6707,'2','Handy','Gang','Abteil',0,'ready',85),(6708,'2','Handy','Fenster','Grossraum',0,'maintenance',83),(6709,'1','Handy','Fenster','Tisch',1,'ready',76),(6710,'2','Ruhe','Fenster','Abteil',1,'ready',26),(6711,'2','Handy','Fenster','Abteil',0,'ready',17),(6712,'1','Ruhe','Gang','Abteil',0,'ready',89),(6713,'2','Handy','Gang','Tisch',0,'ready',82),(6714,'1','Ruhe','Fenster','Tisch',1,'ready',62),(6715,'2','Handy','Fenster','Tisch',1,'ready',44),(6716,'1','Handy','Gang','Grossraum',0,'ready',44),(6717,'2','Handy','Fenster','Abteil',0,'ready',89),(6718,'2','Ruhe','Fenster','Tisch',0,'ready',19),(6719,'1','Handy','Fenster','Grossraum',0,'broken',54),(6720,'2','Handy','Fenster','Grossraum',0,'ready',86),(6721,'2','Handy','Fenster','Tisch',0,'ready',20),(6722,'1','Ruhe','Gang','Grossraum',0,'ready',22),(6723,'1','Ruhe','Fenster','Tisch',1,'ready',90),(6724,'1','Ruhe','Gang','Abteil',0,'disabled',11),(6725,'1','Ruhe','Gang','Tisch',1,'disabled',83),(6726,'2','Ruhe','Gang','Abteil',0,'maintenance',41),(6727,'2','Handy','Fenster','Grossraum',0,'disabled',81),(6728,'2','Ruhe','Fenster','Abteil',0,'ready',32),(6729,'2','Ruhe','Fenster','Tisch',0,'ready',14),(6730,'2','Ruhe','Fenster','Grossraum',0,'broken',2),(6731,'1','Handy','Gang','Tisch',0,'maintenance',84),(6732,'1','Handy','Fenster','Tisch',0,'broken',31),(6733,'2','Ruhe','Gang','Tisch',0,'disabled',16),(6734,'1','Handy','Fenster','Tisch',1,'ready',43),(6735,'1','Handy','Gang','Tisch',0,'ready',64),(6736,'1','Handy','Fenster','Abteil',1,'ready',11),(6737,'1','Ruhe','Fenster','Abteil',0,'ready',87),(6738,'1','Ruhe','Fenster','Abteil',0,'ready',9),(6739,'2','Ruhe','Fenster','Tisch',0,'broken',19),(6740,'2','Handy','Fenster','Tisch',0,'ready',19),(6741,'2','Handy','Gang','Abteil',0,'ready',5),(6742,'2','Handy','Gang','Tisch',0,'ready',21),(6743,'1','Ruhe','Gang','Abteil',0,'ready',6),(6744,'1','Handy','Gang','Abteil',0,'ready',6),(6745,'2','Handy','Fenster','Abteil',0,'ready',38),(6746,'1','Handy','Fenster','Tisch',0,'broken',55),(6747,'1','Ruhe','Gang','Abteil',0,'ready',59),(6748,'2','Handy','Gang','Abteil',0,'broken',84),(6749,'1','Ruhe','Fenster','Tisch',0,'broken',21),(6750,'1','Ruhe','Gang','Abteil',0,'disabled',29);
INSERT INTO `seat` VALUES (6751,'2','Ruhe','Gang','Grossraum',0,'ready',84),(6752,'2','Handy','Gang','Grossraum',0,'ready',44),(6753,'1','Ruhe','Gang','Abteil',1,'ready',17),(6754,'1','Handy','Fenster','Grossraum',0,'ready',49),(6755,'1','Handy','Fenster','Grossraum',0,'broken',55),(6756,'1','Ruhe','Fenster','Abteil',0,'ready',31),(6757,'1','Ruhe','Gang','Abteil',1,'ready',44),(6758,'1','Handy','Fenster','Grossraum',0,'ready',59),(6759,'2','Ruhe','Fenster','Tisch',0,'ready',40),(6760,'1','Handy','Fenster','Tisch',0,'ready',43),(6761,'1','Handy','Fenster','Abteil',1,'ready',50),(6762,'1','Ruhe','Fenster','Abteil',0,'broken',36),(6763,'2','Ruhe','Fenster','Grossraum',0,'ready',85),(6764,'2','Ruhe','Fenster','Abteil',0,'ready',6),(6765,'2','Ruhe','Gang','Grossraum',0,'disabled',25),(6766,'1','Ruhe','Fenster','Grossraum',1,'ready',49),(6767,'2','Ruhe','Fenster','Tisch',0,'broken',61),(6768,'1','Handy','Fenster','Tisch',0,'maintenance',51),(6769,'2','Ruhe','Gang','Tisch',0,'ready',7),(6770,'1','Handy','Fenster','Abteil',0,'ready',52),(6771,'2','Handy','Gang','Abteil',0,'broken',69),(6772,'1','Handy','Gang','Abteil',1,'ready',47),(6773,'2','Ruhe','Gang','Grossraum',0,'ready',64),(6774,'2','Ruhe','Fenster','Abteil',1,'ready',35),(6775,'1','Ruhe','Gang','Tisch',0,'ready',22),(6776,'1','Handy','Gang','Grossraum',0,'ready',21),(6777,'2','Ruhe','Fenster','Tisch',0,'maintenance',46),(6778,'2','Ruhe','Gang','Tisch',0,'ready',78),(6779,'2','Ruhe','Fenster','Grossraum',0,'ready',4),(6780,'2','Handy','Gang','Abteil',0,'ready',59),(6781,'1','Handy','Gang','Abteil',0,'ready',86),(6782,'1','Handy','Fenster','Grossraum',0,'disabled',24),(6783,'1','Handy','Gang','Abteil',1,'disabled',32),(6784,'2','Ruhe','Fenster','Grossraum',0,'maintenance',71),(6785,'2','Handy','Fenster','Tisch',1,'ready',54),(6786,'1','Handy','Gang','Abteil',0,'disabled',10),(6787,'2','Handy','Fenster','Tisch',1,'ready',86),(6788,'1','Ruhe','Fenster','Tisch',0,'ready',40),(6789,'1','Handy','Gang','Abteil',0,'ready',86),(6790,'1','Ruhe','Gang','Tisch',1,'ready',90),(6791,'2','Handy','Fenster','Tisch',1,'broken',26),(6792,'1','Handy','Gang','Tisch',0,'ready',37),(6793,'2','Handy','Gang','Tisch',1,'ready',79),(6794,'2','Ruhe','Gang','Tisch',0,'broken',48),(6795,'2','Handy','Gang','Grossraum',0,'ready',58),(6796,'2','Ruhe','Fenster','Abteil',0,'ready',35),(6797,'2','Handy','Fenster','Grossraum',0,'broken',28),(6798,'1','Ruhe','Gang','Abteil',1,'broken',70),(6799,'1','Handy','Fenster','Tisch',0,'ready',42),(6800,'1','Ruhe','Fenster','Grossraum',0,'broken',1);
INSERT INTO `seat` VALUES (6801,'1','Handy','Gang','Abteil',1,'ready',77),(6802,'2','Handy','Fenster','Tisch',1,'ready',55),(6803,'2','Handy','Gang','Grossraum',1,'ready',7),(6804,'2','Handy','Gang','Tisch',0,'ready',84),(6805,'1','Handy','Fenster','Tisch',1,'ready',59),(6806,'1','Ruhe','Gang','Tisch',1,'ready',39),(6807,'2','Ruhe','Gang','Tisch',1,'ready',72),(6808,'2','Handy','Fenster','Grossraum',0,'ready',5),(6809,'1','Handy','Gang','Tisch',0,'disabled',60),(6810,'2','Ruhe','Fenster','Abteil',0,'ready',64),(6811,'2','Handy','Fenster','Abteil',0,'ready',37),(6812,'1','Handy','Gang','Tisch',0,'ready',90),(6813,'2','Ruhe','Fenster','Grossraum',0,'ready',31),(6814,'2','Handy','Gang','Abteil',1,'maintenance',5),(6815,'2','Handy','Gang','Abteil',0,'ready',84),(6816,'1','Ruhe','Fenster','Abteil',0,'ready',46),(6817,'2','Handy','Gang','Abteil',0,'ready',53),(6818,'1','Ruhe','Fenster','Tisch',0,'disabled',20),(6819,'1','Ruhe','Fenster','Abteil',0,'broken',19),(6820,'2','Ruhe','Gang','Grossraum',0,'ready',62),(6821,'1','Ruhe','Fenster','Abteil',0,'maintenance',12),(6822,'1','Handy','Gang','Tisch',0,'ready',21),(6823,'2','Ruhe','Fenster','Grossraum',0,'ready',64),(6824,'2','Handy','Gang','Grossraum',0,'ready',61),(6825,'1','Ruhe','Fenster','Tisch',0,'ready',59),(6826,'1','Handy','Fenster','Tisch',0,'ready',76),(6827,'1','Ruhe','Gang','Grossraum',0,'disabled',79),(6828,'2','Ruhe','Gang','Grossraum',0,'ready',35),(6829,'2','Ruhe','Gang','Tisch',0,'ready',49),(6830,'2','Ruhe','Gang','Grossraum',0,'ready',88),(6831,'1','Handy','Fenster','Abteil',0,'ready',58),(6832,'1','Handy','Fenster','Grossraum',0,'disabled',80),(6833,'1','Handy','Fenster','Abteil',0,'ready',17),(6834,'1','Ruhe','Gang','Abteil',0,'ready',15),(6835,'1','Handy','Fenster','Abteil',1,'disabled',87),(6836,'2','Ruhe','Gang','Abteil',0,'disabled',51),(6837,'2','Ruhe','Fenster','Tisch',0,'ready',26),(6838,'2','Handy','Gang','Abteil',0,'ready',88),(6839,'1','Handy','Gang','Grossraum',1,'ready',53),(6840,'2','Handy','Gang','Tisch',0,'ready',6),(6841,'1','Handy','Gang','Grossraum',0,'ready',26),(6842,'1','Handy','Fenster','Grossraum',0,'ready',53),(6843,'2','Ruhe','Gang','Abteil',0,'ready',78),(6844,'2','Ruhe','Gang','Tisch',0,'ready',89),(6845,'2','Handy','Fenster','Tisch',1,'ready',14),(6846,'2','Ruhe','Fenster','Tisch',0,'ready',23),(6847,'1','Handy','Gang','Abteil',0,'broken',45),(6848,'2','Ruhe','Gang','Grossraum',0,'disabled',62),(6849,'2','Handy','Gang','Abteil',0,'broken',34),(6850,'1','Handy','Fenster','Abteil',0,'ready',71);
INSERT INTO `seat` VALUES (6851,'2','Ruhe','Fenster','Tisch',1,'maintenance',17),(6852,'2','Ruhe','Gang','Grossraum',1,'disabled',77),(6853,'1','Ruhe','Gang','Grossraum',0,'ready',47),(6854,'1','Ruhe','Gang','Tisch',0,'ready',10),(6855,'2','Ruhe','Gang','Abteil',0,'ready',1),(6856,'1','Ruhe','Gang','Tisch',0,'ready',51),(6857,'1','Ruhe','Fenster','Abteil',0,'ready',57),(6858,'2','Handy','Gang','Tisch',1,'ready',70),(6859,'2','Handy','Gang','Tisch',0,'ready',79),(6860,'1','Ruhe','Gang','Grossraum',0,'ready',12),(6861,'2','Handy','Gang','Tisch',0,'disabled',70),(6862,'2','Ruhe','Fenster','Abteil',0,'ready',90),(6863,'1','Handy','Gang','Tisch',0,'disabled',45),(6864,'2','Ruhe','Gang','Grossraum',0,'ready',66),(6865,'1','Handy','Gang','Grossraum',1,'ready',49),(6866,'1','Handy','Fenster','Abteil',0,'ready',47),(6867,'1','Ruhe','Fenster','Grossraum',1,'disabled',90),(6868,'1','Ruhe','Fenster','Grossraum',0,'ready',49),(6869,'1','Ruhe','Fenster','Tisch',0,'ready',52),(6870,'2','Handy','Gang','Abteil',0,'ready',32),(6871,'1','Ruhe','Gang','Grossraum',0,'maintenance',40),(6872,'1','Handy','Fenster','Grossraum',0,'ready',67),(6873,'2','Handy','Fenster','Abteil',0,'ready',63),(6874,'2','Handy','Fenster','Abteil',1,'ready',64),(6875,'2','Handy','Fenster','Tisch',0,'ready',55),(6876,'1','Ruhe','Fenster','Grossraum',0,'ready',57),(6877,'1','Handy','Gang','Abteil',0,'ready',13),(6878,'1','Ruhe','Gang','Tisch',0,'broken',36),(6879,'2','Handy','Fenster','Abteil',1,'ready',34),(6880,'2','Handy','Fenster','Tisch',0,'ready',77),(6881,'1','Handy','Gang','Abteil',0,'ready',51),(6882,'1','Ruhe','Gang','Abteil',0,'ready',12),(6883,'1','Handy','Fenster','Grossraum',0,'ready',32),(6884,'2','Handy','Gang','Abteil',0,'broken',32),(6885,'2','Ruhe','Gang','Tisch',0,'broken',37),(6886,'1','Handy','Gang','Abteil',0,'ready',43),(6887,'1','Handy','Gang','Grossraum',0,'ready',13),(6888,'2','Handy','Fenster','Grossraum',0,'ready',72),(6889,'2','Handy','Fenster','Grossraum',0,'ready',87),(6890,'1','Handy','Fenster','Abteil',1,'disabled',7),(6891,'2','Handy','Gang','Grossraum',1,'maintenance',45),(6892,'1','Handy','Gang','Tisch',0,'ready',54),(6893,'1','Ruhe','Fenster','Tisch',1,'ready',53),(6894,'1','Ruhe','Gang','Grossraum',0,'ready',24),(6895,'1','Ruhe','Fenster','Tisch',0,'ready',63),(6896,'1','Handy','Gang','Grossraum',1,'ready',8),(6897,'2','Handy','Fenster','Grossraum',0,'ready',43),(6898,'2','Handy','Gang','Tisch',0,'ready',21),(6899,'1','Handy','Fenster','Tisch',1,'ready',63),(6900,'1','Handy','Gang','Tisch',0,'ready',13);
INSERT INTO `seat` VALUES (6901,'1','Handy','Gang','Tisch',0,'ready',11),(6902,'1','Handy','Fenster','Tisch',1,'disabled',51),(6903,'1','Ruhe','Fenster','Grossraum',0,'ready',47),(6904,'1','Handy','Fenster','Abteil',0,'ready',70),(6905,'2','Handy','Fenster','Grossraum',0,'ready',43),(6906,'1','Handy','Gang','Abteil',1,'ready',54),(6907,'1','Handy','Fenster','Tisch',0,'disabled',83),(6908,'1','Ruhe','Gang','Grossraum',0,'ready',70),(6909,'1','Handy','Gang','Grossraum',1,'disabled',72),(6910,'1','Ruhe','Gang','Grossraum',0,'ready',67),(6911,'1','Ruhe','Fenster','Tisch',0,'ready',87),(6912,'1','Ruhe','Gang','Abteil',0,'ready',65),(6913,'1','Handy','Fenster','Tisch',0,'ready',77),(6914,'2','Handy','Fenster','Grossraum',0,'ready',57),(6915,'2','Handy','Gang','Grossraum',1,'broken',25),(6916,'1','Ruhe','Gang','Abteil',0,'ready',74),(6917,'2','Ruhe','Fenster','Grossraum',0,'ready',1),(6918,'1','Handy','Gang','Grossraum',0,'ready',34),(6919,'1','Ruhe','Gang','Abteil',0,'ready',3),(6920,'2','Ruhe','Gang','Abteil',1,'ready',3),(6921,'1','Ruhe','Gang','Abteil',1,'ready',32),(6922,'2','Handy','Fenster','Tisch',1,'broken',39),(6923,'1','Handy','Gang','Tisch',0,'ready',65),(6924,'1','Handy','Gang','Abteil',0,'ready',33),(6925,'2','Ruhe','Gang','Abteil',0,'ready',60),(6926,'1','Ruhe','Gang','Abteil',0,'ready',4),(6927,'2','Handy','Gang','Grossraum',0,'maintenance',72),(6928,'1','Handy','Gang','Abteil',1,'ready',28),(6929,'1','Handy','Gang','Grossraum',0,'disabled',74),(6930,'1','Handy','Gang','Abteil',1,'ready',3),(6931,'1','Handy','Fenster','Tisch',0,'ready',15),(6932,'1','Ruhe','Gang','Grossraum',0,'maintenance',65),(6933,'1','Handy','Gang','Grossraum',0,'ready',52),(6934,'1','Handy','Gang','Abteil',0,'ready',37),(6935,'1','Handy','Gang','Grossraum',0,'ready',54),(6936,'2','Handy','Gang','Tisch',0,'ready',71),(6937,'2','Handy','Fenster','Abteil',1,'maintenance',21),(6938,'2','Ruhe','Fenster','Grossraum',0,'ready',47),(6939,'2','Handy','Fenster','Tisch',1,'ready',51),(6940,'1','Ruhe','Gang','Grossraum',1,'ready',4),(6941,'1','Ruhe','Gang','Tisch',0,'broken',1),(6942,'2','Ruhe','Gang','Grossraum',0,'ready',65),(6943,'2','Handy','Gang','Abteil',1,'ready',90),(6944,'1','Handy','Gang','Grossraum',0,'ready',2),(6945,'1','Handy','Gang','Tisch',0,'ready',70),(6946,'2','Handy','Gang','Grossraum',0,'maintenance',3),(6947,'1','Ruhe','Gang','Tisch',1,'maintenance',44),(6948,'2','Handy','Gang','Tisch',0,'ready',22),(6949,'2','Handy','Gang','Abteil',1,'ready',26),(6950,'1','Handy','Fenster','Grossraum',0,'disabled',57);
INSERT INTO `seat` VALUES (6951,'2','Ruhe','Gang','Abteil',0,'disabled',60),(6952,'2','Handy','Fenster','Grossraum',0,'ready',56),(6953,'1','Handy','Gang','Abteil',0,'ready',67),(6954,'2','Ruhe','Fenster','Grossraum',1,'ready',40),(6955,'2','Ruhe','Fenster','Grossraum',0,'ready',73),(6956,'1','Ruhe','Gang','Tisch',0,'ready',84),(6957,'2','Handy','Fenster','Grossraum',0,'disabled',66),(6958,'1','Ruhe','Gang','Grossraum',0,'ready',53),(6959,'1','Handy','Fenster','Tisch',1,'ready',51),(6960,'2','Ruhe','Fenster','Grossraum',0,'ready',11),(6961,'2','Ruhe','Fenster','Grossraum',0,'ready',71),(6962,'2','Ruhe','Gang','Tisch',1,'ready',55),(6963,'1','Ruhe','Gang','Abteil',0,'ready',20),(6964,'1','Ruhe','Gang','Grossraum',0,'ready',27),(6965,'1','Handy','Fenster','Tisch',0,'ready',38),(6966,'2','Ruhe','Gang','Tisch',0,'ready',72),(6967,'2','Handy','Fenster','Tisch',0,'maintenance',1),(6968,'1','Ruhe','Gang','Grossraum',0,'ready',60),(6969,'1','Handy','Gang','Grossraum',0,'ready',73),(6970,'1','Ruhe','Fenster','Abteil',0,'ready',7),(6971,'1','Handy','Fenster','Tisch',0,'ready',17),(6972,'2','Ruhe','Fenster','Tisch',0,'ready',59),(6973,'2','Handy','Fenster','Grossraum',0,'ready',31),(6974,'1','Ruhe','Gang','Tisch',0,'ready',61),(6975,'2','Ruhe','Fenster','Tisch',0,'ready',64),(6976,'1','Ruhe','Gang','Abteil',0,'ready',86),(6977,'2','Handy','Fenster','Tisch',1,'broken',1),(6978,'1','Ruhe','Fenster','Tisch',0,'broken',25),(6979,'2','Ruhe','Fenster','Grossraum',0,'ready',57),(6980,'1','Handy','Gang','Tisch',0,'ready',3),(6981,'1','Handy','Gang','Tisch',1,'disabled',18),(6982,'2','Ruhe','Fenster','Grossraum',0,'ready',86),(6983,'2','Handy','Fenster','Abteil',0,'ready',32),(6984,'1','Ruhe','Fenster','Grossraum',1,'ready',6),(6985,'2','Handy','Gang','Abteil',0,'ready',82),(6986,'2','Handy','Fenster','Abteil',0,'broken',54),(6987,'1','Ruhe','Fenster','Grossraum',1,'maintenance',16),(6988,'2','Ruhe','Fenster','Tisch',0,'maintenance',59),(6989,'2','Handy','Gang','Grossraum',0,'ready',45),(6990,'1','Ruhe','Gang','Abteil',0,'ready',76),(6991,'2','Ruhe','Gang','Abteil',0,'ready',66),(6992,'1','Handy','Gang','Tisch',0,'ready',75),(6993,'1','Ruhe','Fenster','Tisch',0,'ready',51),(6994,'1','Ruhe','Fenster','Abteil',1,'ready',25),(6995,'2','Ruhe','Fenster','Grossraum',0,'ready',46),(6996,'2','Ruhe','Fenster','Tisch',1,'ready',26),(6997,'1','Handy','Fenster','Tisch',0,'ready',25),(6998,'1','Handy','Gang','Tisch',1,'ready',51),(6999,'1','Ruhe','Gang','Grossraum',0,'ready',59),(7000,'2','Handy','Fenster','Grossraum',0,'ready',74);
INSERT INTO `seat` VALUES (7001,'1','Ruhe','Gang','Abteil',0,'disabled',70),(7002,'2','Handy','Fenster','Grossraum',0,'ready',18),(7003,'2','Ruhe','Fenster','Grossraum',0,'ready',5),(7004,'1','Handy','Fenster','Abteil',0,'ready',29),(7005,'2','Handy','Gang','Grossraum',0,'maintenance',70),(7006,'1','Ruhe','Gang','Grossraum',1,'disabled',71),(7007,'2','Handy','Fenster','Grossraum',0,'ready',24),(7008,'2','Ruhe','Gang','Grossraum',0,'ready',56),(7009,'2','Ruhe','Fenster','Grossraum',0,'ready',20),(7010,'1','Handy','Gang','Grossraum',1,'maintenance',27),(7011,'2','Ruhe','Fenster','Tisch',0,'maintenance',70),(7012,'1','Handy','Gang','Grossraum',0,'ready',24),(7013,'1','Ruhe','Gang','Abteil',1,'ready',87),(7014,'2','Handy','Gang','Grossraum',0,'maintenance',46),(7015,'2','Ruhe','Fenster','Abteil',0,'ready',49),(7016,'2','Handy','Fenster','Tisch',0,'maintenance',84),(7017,'1','Handy','Fenster','Tisch',0,'ready',66),(7018,'1','Ruhe','Fenster','Grossraum',0,'ready',86),(7019,'1','Ruhe','Fenster','Grossraum',0,'broken',61),(7020,'2','Handy','Gang','Grossraum',0,'broken',55),(7021,'2','Handy','Fenster','Tisch',0,'maintenance',74),(7022,'2','Handy','Gang','Tisch',0,'ready',43),(7023,'2','Handy','Gang','Abteil',0,'ready',43),(7024,'1','Handy','Gang','Abteil',0,'ready',50),(7025,'2','Handy','Gang','Grossraum',0,'ready',19),(7026,'1','Ruhe','Fenster','Tisch',0,'ready',61),(7027,'1','Handy','Gang','Grossraum',0,'ready',11),(7028,'1','Ruhe','Gang','Tisch',0,'ready',12),(7029,'2','Ruhe','Fenster','Tisch',0,'ready',38),(7030,'1','Ruhe','Gang','Tisch',0,'disabled',50),(7031,'2','Ruhe','Gang','Grossraum',0,'ready',9),(7032,'1','Handy','Gang','Grossraum',0,'ready',88),(7033,'2','Handy','Fenster','Tisch',0,'ready',27),(7034,'1','Ruhe','Gang','Abteil',1,'ready',78),(7035,'2','Ruhe','Fenster','Tisch',0,'broken',77),(7036,'2','Handy','Fenster','Grossraum',0,'ready',19),(7037,'1','Ruhe','Gang','Tisch',0,'ready',31),(7038,'1','Handy','Fenster','Grossraum',0,'ready',28),(7039,'2','Ruhe','Fenster','Tisch',0,'disabled',21),(7040,'1','Handy','Fenster','Tisch',1,'broken',74),(7041,'1','Handy','Gang','Abteil',0,'ready',67),(7042,'1','Handy','Gang','Tisch',0,'ready',36),(7043,'2','Handy','Gang','Grossraum',0,'ready',36),(7044,'2','Handy','Gang','Abteil',0,'ready',78),(7045,'1','Ruhe','Gang','Abteil',1,'broken',84),(7046,'2','Ruhe','Gang','Tisch',1,'disabled',12),(7047,'2','Ruhe','Gang','Tisch',0,'ready',7),(7048,'1','Handy','Gang','Grossraum',0,'ready',50),(7049,'2','Ruhe','Gang','Grossraum',0,'ready',71),(7050,'1','Handy','Gang','Grossraum',0,'maintenance',69);
INSERT INTO `seat` VALUES (7051,'2','Handy','Gang','Abteil',1,'ready',10),(7052,'1','Handy','Gang','Tisch',0,'ready',18),(7053,'1','Ruhe','Fenster','Grossraum',0,'disabled',13),(7054,'1','Handy','Gang','Grossraum',0,'ready',35),(7055,'2','Ruhe','Gang','Tisch',1,'ready',68),(7056,'1','Ruhe','Gang','Abteil',0,'ready',8),(7057,'2','Ruhe','Fenster','Abteil',1,'disabled',5),(7058,'2','Handy','Fenster','Grossraum',1,'disabled',21),(7059,'1','Handy','Gang','Grossraum',0,'maintenance',46),(7060,'2','Handy','Fenster','Tisch',0,'ready',86),(7061,'2','Ruhe','Fenster','Grossraum',0,'ready',56),(7062,'1','Handy','Gang','Abteil',0,'ready',9),(7063,'1','Handy','Fenster','Tisch',0,'ready',43),(7064,'1','Ruhe','Gang','Grossraum',1,'ready',70),(7065,'1','Handy','Fenster','Grossraum',0,'broken',40),(7066,'1','Handy','Gang','Abteil',0,'ready',34),(7067,'2','Handy','Gang','Abteil',0,'broken',23),(7068,'2','Handy','Gang','Abteil',0,'ready',40),(7069,'2','Ruhe','Gang','Abteil',1,'ready',9),(7070,'2','Handy','Fenster','Grossraum',0,'disabled',67),(7071,'2','Handy','Fenster','Abteil',1,'ready',62),(7072,'1','Handy','Fenster','Abteil',1,'ready',2),(7073,'2','Handy','Gang','Tisch',0,'ready',1),(7074,'1','Handy','Fenster','Grossraum',0,'ready',51),(7075,'2','Ruhe','Fenster','Abteil',1,'ready',64),(7076,'1','Handy','Fenster','Grossraum',0,'ready',46),(7077,'2','Handy','Gang','Grossraum',1,'ready',85),(7078,'2','Ruhe','Fenster','Abteil',0,'ready',2),(7079,'1','Handy','Gang','Abteil',0,'ready',87),(7080,'2','Ruhe','Fenster','Abteil',1,'ready',75),(7081,'2','Handy','Gang','Grossraum',0,'ready',59),(7082,'2','Ruhe','Gang','Grossraum',0,'ready',8),(7083,'2','Ruhe','Fenster','Tisch',1,'ready',47),(7084,'1','Ruhe','Gang','Tisch',0,'ready',74),(7085,'2','Handy','Gang','Abteil',0,'ready',75),(7086,'1','Ruhe','Fenster','Abteil',0,'ready',44),(7087,'1','Handy','Fenster','Grossraum',0,'ready',69),(7088,'2','Handy','Fenster','Tisch',0,'ready',22),(7089,'1','Handy','Fenster','Tisch',0,'ready',6),(7090,'1','Handy','Gang','Abteil',0,'ready',90),(7091,'1','Handy','Gang','Grossraum',1,'ready',10),(7092,'1','Handy','Gang','Grossraum',1,'disabled',90),(7093,'2','Ruhe','Gang','Tisch',1,'broken',53),(7094,'1','Ruhe','Fenster','Abteil',0,'ready',60),(7095,'2','Ruhe','Fenster','Tisch',0,'maintenance',63),(7096,'2','Handy','Fenster','Tisch',1,'ready',88),(7097,'1','Ruhe','Gang','Grossraum',0,'broken',19),(7098,'1','Ruhe','Gang','Tisch',1,'ready',41),(7099,'1','Ruhe','Gang','Grossraum',0,'ready',89),(7100,'1','Ruhe','Gang','Grossraum',1,'ready',34);
INSERT INTO `seat` VALUES (7101,'1','Handy','Gang','Grossraum',0,'ready',3),(7102,'2','Handy','Gang','Tisch',0,'ready',86),(7103,'1','Handy','Gang','Abteil',0,'ready',12),(7104,'2','Ruhe','Fenster','Grossraum',1,'ready',22),(7105,'1','Handy','Gang','Tisch',1,'ready',85),(7106,'2','Handy','Fenster','Tisch',0,'ready',37),(7107,'2','Ruhe','Fenster','Abteil',0,'ready',40),(7108,'1','Handy','Gang','Abteil',1,'ready',86),(7109,'2','Handy','Fenster','Abteil',0,'disabled',13),(7110,'2','Ruhe','Fenster','Grossraum',0,'maintenance',13),(7111,'1','Handy','Fenster','Abteil',0,'ready',9),(7112,'2','Ruhe','Fenster','Tisch',0,'ready',37),(7113,'1','Ruhe','Gang','Tisch',0,'ready',2),(7114,'1','Handy','Fenster','Tisch',1,'ready',40),(7115,'1','Ruhe','Fenster','Tisch',0,'ready',29),(7116,'1','Ruhe','Gang','Abteil',0,'ready',70),(7117,'2','Handy','Fenster','Abteil',0,'disabled',81),(7118,'2','Ruhe','Fenster','Abteil',1,'ready',55),(7119,'2','Handy','Gang','Tisch',0,'ready',18),(7120,'1','Ruhe','Gang','Abteil',1,'broken',75),(7121,'1','Handy','Gang','Tisch',0,'disabled',15),(7122,'2','Ruhe','Gang','Tisch',0,'broken',23),(7123,'2','Handy','Gang','Tisch',0,'ready',73),(7124,'2','Handy','Fenster','Grossraum',0,'ready',1),(7125,'2','Handy','Gang','Abteil',0,'maintenance',68),(7126,'1','Handy','Gang','Abteil',1,'maintenance',1),(7127,'1','Handy','Gang','Tisch',1,'ready',50),(7128,'1','Ruhe','Gang','Abteil',1,'maintenance',80),(7129,'2','Handy','Gang','Grossraum',1,'ready',11),(7130,'1','Handy','Gang','Tisch',0,'maintenance',52),(7131,'1','Handy','Gang','Grossraum',0,'ready',47),(7132,'2','Ruhe','Gang','Grossraum',0,'disabled',40),(7133,'2','Ruhe','Fenster','Tisch',0,'ready',68),(7134,'1','Ruhe','Gang','Grossraum',0,'ready',22),(7135,'2','Ruhe','Fenster','Tisch',0,'ready',12),(7136,'1','Ruhe','Fenster','Grossraum',0,'ready',33),(7137,'2','Handy','Fenster','Tisch',1,'ready',30),(7138,'1','Ruhe','Gang','Abteil',1,'ready',16),(7139,'1','Handy','Fenster','Abteil',0,'disabled',29),(7140,'2','Handy','Gang','Grossraum',0,'maintenance',57),(7141,'1','Ruhe','Gang','Grossraum',0,'ready',58),(7142,'2','Ruhe','Gang','Grossraum',1,'ready',17),(7143,'1','Handy','Fenster','Tisch',0,'ready',26),(7144,'1','Handy','Fenster','Tisch',0,'ready',17),(7145,'2','Handy','Gang','Abteil',0,'disabled',3),(7146,'1','Ruhe','Gang','Abteil',0,'ready',70),(7147,'2','Handy','Gang','Tisch',1,'ready',45),(7148,'1','Ruhe','Gang','Tisch',0,'ready',65),(7149,'1','Ruhe','Gang','Abteil',1,'ready',63),(7150,'1','Ruhe','Fenster','Tisch',0,'ready',52);
INSERT INTO `seat` VALUES (7151,'1','Ruhe','Gang','Grossraum',0,'disabled',1),(7152,'1','Ruhe','Gang','Abteil',1,'ready',4),(7153,'1','Ruhe','Fenster','Abteil',0,'ready',21),(7154,'2','Ruhe','Fenster','Abteil',0,'disabled',2),(7155,'1','Ruhe','Gang','Tisch',0,'ready',62),(7156,'1','Ruhe','Fenster','Grossraum',0,'maintenance',53),(7157,'2','Ruhe','Gang','Tisch',0,'ready',72),(7158,'2','Handy','Fenster','Grossraum',0,'maintenance',31),(7159,'1','Ruhe','Gang','Tisch',0,'ready',86),(7160,'1','Handy','Fenster','Grossraum',0,'ready',57),(7161,'2','Handy','Gang','Abteil',0,'maintenance',42),(7162,'1','Handy','Fenster','Abteil',1,'broken',55),(7163,'1','Ruhe','Gang','Grossraum',0,'maintenance',59),(7164,'2','Handy','Gang','Tisch',0,'ready',9),(7165,'1','Handy','Gang','Grossraum',0,'ready',53),(7166,'2','Handy','Gang','Abteil',0,'ready',78),(7167,'2','Ruhe','Gang','Grossraum',0,'ready',63),(7168,'2','Ruhe','Gang','Abteil',0,'ready',53),(7169,'1','Ruhe','Fenster','Grossraum',0,'ready',19),(7170,'2','Handy','Gang','Tisch',0,'disabled',13),(7171,'1','Ruhe','Gang','Abteil',0,'ready',64),(7172,'2','Handy','Gang','Abteil',0,'disabled',33),(7173,'2','Ruhe','Fenster','Tisch',1,'maintenance',22),(7174,'1','Ruhe','Gang','Tisch',0,'ready',47),(7175,'2','Handy','Fenster','Abteil',1,'broken',36),(7176,'2','Handy','Fenster','Abteil',0,'ready',81),(7177,'2','Handy','Fenster','Abteil',0,'ready',3),(7178,'2','Handy','Gang','Tisch',1,'ready',38),(7179,'2','Ruhe','Gang','Grossraum',1,'ready',80),(7180,'1','Ruhe','Gang','Abteil',0,'ready',24),(7181,'2','Ruhe','Fenster','Abteil',1,'ready',83),(7182,'1','Handy','Fenster','Tisch',1,'ready',31),(7183,'2','Handy','Fenster','Grossraum',1,'ready',8),(7184,'1','Handy','Fenster','Abteil',0,'ready',56),(7185,'2','Handy','Fenster','Abteil',0,'broken',75),(7186,'1','Handy','Fenster','Grossraum',0,'maintenance',58),(7187,'1','Handy','Fenster','Tisch',1,'ready',76),(7188,'1','Ruhe','Gang','Tisch',1,'ready',42),(7189,'1','Ruhe','Fenster','Tisch',0,'disabled',24),(7190,'1','Ruhe','Gang','Tisch',0,'ready',7),(7191,'2','Handy','Fenster','Abteil',0,'ready',78),(7192,'1','Ruhe','Fenster','Grossraum',0,'ready',27),(7193,'2','Ruhe','Fenster','Grossraum',0,'ready',8),(7194,'1','Handy','Gang','Abteil',1,'ready',19),(7195,'2','Ruhe','Gang','Grossraum',0,'ready',85),(7196,'2','Ruhe','Fenster','Grossraum',1,'disabled',39),(7197,'1','Handy','Fenster','Tisch',0,'ready',29),(7198,'1','Handy','Fenster','Tisch',0,'ready',48),(7199,'2','Ruhe','Fenster','Tisch',0,'maintenance',75),(7200,'1','Handy','Gang','Tisch',0,'ready',50);
INSERT INTO `seat` VALUES (7201,'2','Ruhe','Fenster','Grossraum',0,'broken',70),(7202,'1','Ruhe','Fenster','Abteil',0,'ready',3),(7203,'1','Ruhe','Fenster','Abteil',0,'maintenance',73),(7204,'1','Handy','Gang','Grossraum',0,'ready',69),(7205,'2','Ruhe','Fenster','Grossraum',1,'ready',19),(7206,'1','Handy','Fenster','Abteil',0,'broken',74),(7207,'2','Ruhe','Fenster','Tisch',1,'ready',80),(7208,'1','Handy','Fenster','Abteil',0,'ready',55),(7209,'1','Handy','Fenster','Tisch',1,'maintenance',71),(7210,'2','Ruhe','Gang','Grossraum',0,'ready',77),(7211,'1','Handy','Gang','Tisch',0,'disabled',81),(7212,'1','Handy','Gang','Tisch',0,'ready',49),(7213,'1','Handy','Gang','Abteil',0,'disabled',76),(7214,'1','Handy','Fenster','Abteil',1,'ready',23),(7215,'1','Ruhe','Fenster','Tisch',0,'ready',78),(7216,'1','Ruhe','Gang','Abteil',0,'ready',81),(7217,'2','Handy','Gang','Tisch',0,'ready',12),(7218,'1','Ruhe','Fenster','Abteil',0,'ready',12),(7219,'2','Ruhe','Fenster','Abteil',0,'ready',20),(7220,'2','Handy','Fenster','Abteil',0,'disabled',71),(7221,'1','Ruhe','Gang','Abteil',0,'ready',6),(7222,'1','Ruhe','Gang','Abteil',0,'ready',58),(7223,'1','Handy','Gang','Grossraum',1,'ready',61),(7224,'1','Handy','Fenster','Tisch',0,'ready',68),(7225,'1','Ruhe','Gang','Grossraum',0,'broken',22),(7226,'2','Ruhe','Gang','Grossraum',0,'ready',46),(7227,'1','Ruhe','Fenster','Abteil',0,'ready',11),(7228,'1','Handy','Fenster','Grossraum',0,'ready',89),(7229,'1','Handy','Fenster','Abteil',0,'ready',55),(7230,'2','Handy','Gang','Tisch',0,'ready',68),(7231,'2','Handy','Fenster','Tisch',0,'ready',84),(7232,'2','Handy','Fenster','Grossraum',1,'ready',84),(7233,'2','Handy','Gang','Abteil',0,'ready',8),(7234,'1','Handy','Gang','Abteil',1,'broken',12),(7235,'1','Handy','Fenster','Abteil',0,'ready',29),(7236,'2','Handy','Gang','Abteil',0,'disabled',16),(7237,'1','Ruhe','Gang','Abteil',0,'ready',74),(7238,'2','Ruhe','Fenster','Grossraum',0,'ready',35),(7239,'2','Handy','Gang','Tisch',0,'ready',21),(7240,'1','Handy','Fenster','Abteil',1,'maintenance',89),(7241,'1','Handy','Gang','Abteil',0,'ready',53),(7242,'1','Handy','Fenster','Tisch',0,'broken',25),(7243,'2','Ruhe','Fenster','Tisch',0,'ready',28),(7244,'1','Handy','Fenster','Abteil',0,'broken',1),(7245,'2','Handy','Gang','Tisch',0,'ready',31),(7246,'1','Handy','Gang','Tisch',1,'ready',81),(7247,'2','Ruhe','Fenster','Tisch',0,'broken',54),(7248,'1','Handy','Fenster','Grossraum',0,'ready',14),(7249,'2','Ruhe','Gang','Tisch',0,'ready',4),(7250,'1','Handy','Gang','Abteil',0,'ready',8);
INSERT INTO `seat` VALUES (7251,'1','Handy','Gang','Abteil',0,'ready',11),(7252,'1','Ruhe','Fenster','Grossraum',0,'ready',71),(7253,'1','Handy','Gang','Tisch',0,'maintenance',19),(7254,'2','Handy','Gang','Grossraum',0,'ready',28),(7255,'2','Handy','Gang','Tisch',1,'disabled',62),(7256,'2','Ruhe','Gang','Grossraum',0,'ready',64),(7257,'2','Handy','Gang','Tisch',1,'ready',8),(7258,'2','Ruhe','Gang','Grossraum',0,'disabled',59),(7259,'1','Handy','Fenster','Abteil',0,'ready',63),(7260,'1','Handy','Gang','Abteil',0,'ready',58),(7261,'2','Handy','Fenster','Tisch',1,'broken',26),(7262,'1','Ruhe','Gang','Grossraum',0,'ready',62),(7263,'1','Ruhe','Fenster','Abteil',0,'ready',67),(7264,'2','Handy','Gang','Grossraum',0,'ready',84),(7265,'2','Ruhe','Gang','Tisch',0,'ready',55),(7266,'2','Handy','Fenster','Abteil',0,'ready',33),(7267,'1','Handy','Gang','Grossraum',0,'ready',36),(7268,'1','Ruhe','Fenster','Abteil',0,'ready',76),(7269,'2','Ruhe','Gang','Grossraum',0,'ready',18),(7270,'2','Ruhe','Fenster','Abteil',1,'disabled',67),(7271,'1','Handy','Fenster','Tisch',0,'ready',62),(7272,'1','Handy','Fenster','Tisch',0,'ready',78),(7273,'2','Ruhe','Gang','Grossraum',0,'ready',49),(7274,'2','Ruhe','Fenster','Tisch',0,'ready',64),(7275,'1','Handy','Fenster','Abteil',0,'ready',30),(7276,'1','Handy','Fenster','Abteil',0,'maintenance',21),(7277,'1','Handy','Gang','Grossraum',0,'ready',66),(7278,'1','Handy','Gang','Abteil',1,'ready',71),(7279,'2','Handy','Gang','Abteil',0,'ready',87),(7280,'2','Ruhe','Gang','Grossraum',0,'ready',29),(7281,'2','Ruhe','Fenster','Tisch',0,'ready',19),(7282,'2','Handy','Fenster','Tisch',1,'ready',78),(7283,'1','Handy','Gang','Tisch',0,'ready',48),(7284,'1','Handy','Fenster','Tisch',0,'maintenance',49),(7285,'2','Ruhe','Gang','Grossraum',1,'ready',56),(7286,'1','Ruhe','Gang','Abteil',0,'ready',4),(7287,'2','Handy','Gang','Tisch',0,'ready',33),(7288,'1','Ruhe','Fenster','Grossraum',0,'ready',58),(7289,'2','Ruhe','Fenster','Tisch',1,'ready',33),(7290,'2','Ruhe','Fenster','Tisch',1,'ready',69),(7291,'1','Handy','Fenster','Abteil',0,'ready',80),(7292,'2','Ruhe','Gang','Tisch',0,'ready',53),(7293,'2','Handy','Fenster','Grossraum',1,'ready',72),(7294,'2','Ruhe','Fenster','Abteil',0,'ready',72),(7295,'1','Handy','Gang','Grossraum',1,'ready',57),(7296,'1','Ruhe','Fenster','Grossraum',0,'ready',10),(7297,'1','Ruhe','Fenster','Grossraum',0,'ready',7),(7298,'2','Ruhe','Gang','Grossraum',0,'disabled',27),(7299,'2','Ruhe','Fenster','Tisch',0,'maintenance',58),(7300,'1','Handy','Gang','Abteil',1,'disabled',84);
INSERT INTO `seat` VALUES (7301,'1','Ruhe','Gang','Abteil',0,'ready',16),(7302,'2','Ruhe','Gang','Abteil',0,'ready',14),(7303,'1','Ruhe','Fenster','Abteil',0,'broken',20),(7304,'2','Handy','Fenster','Abteil',0,'ready',58),(7305,'1','Ruhe','Gang','Abteil',0,'ready',47),(7306,'2','Ruhe','Fenster','Grossraum',0,'ready',5),(7307,'2','Ruhe','Gang','Grossraum',0,'ready',83),(7308,'1','Ruhe','Gang','Abteil',0,'maintenance',88),(7309,'1','Handy','Fenster','Abteil',0,'ready',21),(7310,'2','Handy','Fenster','Tisch',0,'disabled',44),(7311,'2','Ruhe','Gang','Abteil',0,'ready',38),(7312,'2','Handy','Gang','Tisch',0,'ready',37),(7313,'2','Ruhe','Fenster','Abteil',0,'ready',4),(7314,'2','Ruhe','Gang','Tisch',0,'ready',1),(7315,'1','Ruhe','Fenster','Grossraum',0,'maintenance',43),(7316,'2','Ruhe','Gang','Tisch',0,'ready',15),(7317,'2','Handy','Gang','Abteil',0,'ready',41),(7318,'2','Ruhe','Gang','Abteil',0,'ready',26),(7319,'2','Handy','Gang','Tisch',1,'ready',39),(7320,'1','Handy','Gang','Tisch',0,'ready',10),(7321,'2','Ruhe','Fenster','Abteil',0,'ready',71),(7322,'1','Ruhe','Fenster','Grossraum',1,'ready',24),(7323,'1','Handy','Gang','Tisch',1,'disabled',13),(7324,'2','Ruhe','Fenster','Abteil',0,'ready',51),(7325,'1','Handy','Gang','Grossraum',0,'ready',35),(7326,'1','Handy','Gang','Tisch',0,'ready',17),(7327,'1','Ruhe','Gang','Grossraum',1,'ready',1),(7328,'2','Ruhe','Gang','Abteil',0,'ready',42),(7329,'1','Handy','Gang','Tisch',0,'ready',40),(7330,'2','Ruhe','Fenster','Grossraum',0,'disabled',26),(7331,'2','Ruhe','Gang','Abteil',0,'ready',27),(7332,'1','Handy','Gang','Abteil',1,'ready',58),(7333,'1','Ruhe','Fenster','Tisch',1,'ready',25),(7334,'2','Handy','Gang','Grossraum',1,'ready',9),(7335,'1','Ruhe','Gang','Tisch',0,'ready',33),(7336,'1','Handy','Gang','Tisch',0,'disabled',36),(7337,'2','Ruhe','Fenster','Tisch',0,'disabled',89),(7338,'1','Ruhe','Fenster','Grossraum',0,'ready',85),(7339,'1','Handy','Fenster','Grossraum',0,'disabled',53),(7340,'1','Ruhe','Fenster','Tisch',0,'ready',56),(7341,'1','Ruhe','Fenster','Abteil',0,'ready',53),(7342,'1','Handy','Gang','Tisch',1,'ready',74),(7343,'2','Ruhe','Gang','Tisch',1,'disabled',56),(7344,'1','Ruhe','Gang','Grossraum',0,'ready',55),(7345,'1','Handy','Fenster','Grossraum',0,'maintenance',38),(7346,'1','Handy','Gang','Grossraum',0,'broken',50),(7347,'2','Ruhe','Fenster','Tisch',0,'ready',37),(7348,'2','Ruhe','Gang','Abteil',0,'ready',1),(7349,'2','Handy','Fenster','Abteil',0,'ready',44),(7350,'2','Handy','Gang','Tisch',0,'ready',59);
INSERT INTO `seat` VALUES (7351,'1','Ruhe','Gang','Grossraum',0,'ready',4),(7352,'1','Handy','Fenster','Tisch',0,'ready',30),(7353,'2','Ruhe','Fenster','Abteil',0,'ready',69),(7354,'1','Handy','Fenster','Grossraum',0,'ready',47),(7355,'1','Handy','Gang','Tisch',0,'ready',22),(7356,'2','Ruhe','Gang','Abteil',0,'ready',28),(7357,'1','Ruhe','Gang','Abteil',0,'ready',87),(7358,'1','Handy','Gang','Grossraum',0,'ready',40),(7359,'2','Ruhe','Fenster','Tisch',1,'ready',2),(7360,'1','Ruhe','Gang','Tisch',0,'ready',50),(7361,'1','Handy','Fenster','Grossraum',0,'ready',64),(7362,'1','Ruhe','Fenster','Tisch',0,'ready',81),(7363,'1','Ruhe','Fenster','Abteil',1,'ready',73),(7364,'1','Ruhe','Gang','Abteil',0,'ready',73),(7365,'2','Handy','Fenster','Tisch',1,'disabled',81),(7366,'1','Handy','Gang','Abteil',1,'disabled',66),(7367,'1','Handy','Fenster','Grossraum',0,'ready',11),(7368,'2','Ruhe','Gang','Abteil',1,'ready',1),(7369,'2','Ruhe','Gang','Grossraum',0,'ready',18),(7370,'1','Ruhe','Gang','Abteil',0,'maintenance',5),(7371,'1','Ruhe','Fenster','Abteil',0,'ready',42),(7372,'1','Ruhe','Fenster','Tisch',0,'ready',66),(7373,'2','Handy','Gang','Abteil',0,'ready',20),(7374,'2','Ruhe','Fenster','Tisch',0,'broken',68),(7375,'2','Handy','Gang','Grossraum',0,'ready',51),(7376,'1','Ruhe','Fenster','Tisch',0,'disabled',25),(7377,'1','Handy','Gang','Tisch',1,'ready',12),(7378,'1','Ruhe','Gang','Grossraum',0,'ready',23),(7379,'1','Handy','Fenster','Tisch',0,'maintenance',37),(7380,'1','Handy','Fenster','Grossraum',0,'ready',39),(7381,'2','Handy','Fenster','Tisch',1,'ready',67),(7382,'2','Handy','Gang','Grossraum',0,'ready',33),(7383,'1','Handy','Gang','Abteil',0,'ready',14),(7384,'1','Ruhe','Fenster','Abteil',0,'maintenance',20),(7385,'1','Handy','Gang','Abteil',0,'ready',75),(7386,'2','Ruhe','Gang','Grossraum',0,'ready',85),(7387,'1','Ruhe','Gang','Abteil',0,'disabled',61),(7388,'2','Ruhe','Gang','Grossraum',0,'ready',32),(7389,'1','Handy','Fenster','Tisch',0,'ready',19),(7390,'1','Ruhe','Gang','Abteil',0,'ready',64),(7391,'1','Handy','Gang','Tisch',0,'ready',80),(7392,'1','Handy','Fenster','Tisch',1,'ready',14),(7393,'2','Ruhe','Gang','Abteil',0,'ready',64),(7394,'2','Handy','Gang','Tisch',1,'ready',50),(7395,'2','Handy','Fenster','Tisch',0,'ready',65),(7396,'2','Ruhe','Gang','Abteil',1,'ready',70),(7397,'2','Ruhe','Gang','Tisch',0,'ready',86),(7398,'1','Handy','Fenster','Abteil',0,'ready',4),(7399,'1','Handy','Fenster','Abteil',0,'ready',58),(7400,'2','Ruhe','Fenster','Abteil',0,'disabled',19);
INSERT INTO `seat` VALUES (7401,'1','Handy','Fenster','Tisch',0,'ready',41),(7402,'2','Handy','Gang','Tisch',1,'ready',76),(7403,'2','Ruhe','Gang','Abteil',0,'ready',87),(7404,'2','Ruhe','Fenster','Grossraum',1,'broken',32),(7405,'1','Ruhe','Fenster','Tisch',0,'ready',15),(7406,'2','Ruhe','Gang','Abteil',0,'ready',82),(7407,'1','Ruhe','Gang','Abteil',1,'maintenance',90),(7408,'1','Handy','Fenster','Tisch',0,'ready',44),(7409,'2','Ruhe','Gang','Grossraum',1,'ready',65),(7410,'2','Ruhe','Gang','Tisch',1,'ready',40),(7411,'1','Ruhe','Gang','Grossraum',0,'ready',19),(7412,'1','Ruhe','Fenster','Grossraum',0,'ready',62),(7413,'1','Handy','Fenster','Grossraum',0,'ready',38),(7414,'2','Handy','Gang','Tisch',0,'ready',28),(7415,'2','Handy','Gang','Tisch',0,'ready',35),(7416,'2','Handy','Gang','Tisch',0,'disabled',9),(7417,'1','Ruhe','Fenster','Grossraum',1,'ready',8),(7418,'2','Handy','Fenster','Tisch',0,'ready',29),(7419,'1','Ruhe','Gang','Grossraum',0,'ready',66),(7420,'2','Handy','Gang','Grossraum',0,'maintenance',26),(7421,'1','Ruhe','Gang','Abteil',1,'ready',23),(7422,'1','Ruhe','Gang','Tisch',0,'ready',61),(7423,'1','Ruhe','Gang','Abteil',0,'ready',13),(7424,'2','Ruhe','Gang','Abteil',0,'ready',61),(7425,'2','Handy','Gang','Tisch',0,'ready',74),(7426,'1','Ruhe','Fenster','Abteil',1,'ready',54),(7427,'1','Ruhe','Gang','Tisch',0,'ready',45),(7428,'2','Handy','Fenster','Grossraum',0,'ready',9),(7429,'2','Handy','Fenster','Grossraum',1,'ready',32),(7430,'1','Handy','Gang','Abteil',0,'disabled',22),(7431,'1','Handy','Fenster','Tisch',0,'ready',74),(7432,'1','Ruhe','Fenster','Tisch',0,'ready',69),(7433,'2','Ruhe','Gang','Tisch',0,'ready',73),(7434,'1','Handy','Fenster','Tisch',0,'ready',71),(7435,'1','Ruhe','Gang','Grossraum',1,'ready',17),(7436,'1','Ruhe','Fenster','Abteil',0,'ready',70),(7437,'1','Handy','Fenster','Tisch',0,'ready',81),(7438,'2','Handy','Gang','Grossraum',0,'ready',59),(7439,'2','Handy','Gang','Abteil',1,'ready',90),(7440,'2','Ruhe','Gang','Tisch',0,'ready',58),(7441,'1','Handy','Gang','Grossraum',0,'ready',18),(7442,'2','Handy','Fenster','Tisch',0,'ready',5),(7443,'1','Ruhe','Fenster','Tisch',1,'maintenance',12),(7444,'2','Handy','Fenster','Abteil',1,'ready',12),(7445,'1','Ruhe','Fenster','Abteil',0,'ready',46),(7446,'2','Ruhe','Gang','Abteil',0,'ready',7),(7447,'1','Handy','Fenster','Tisch',0,'ready',26),(7448,'1','Ruhe','Gang','Grossraum',0,'ready',31),(7449,'2','Ruhe','Gang','Grossraum',0,'ready',7),(7450,'1','Ruhe','Fenster','Grossraum',0,'ready',47);
INSERT INTO `seat` VALUES (7451,'2','Ruhe','Fenster','Grossraum',0,'maintenance',5),(7452,'1','Ruhe','Fenster','Tisch',0,'ready',33),(7453,'2','Handy','Gang','Grossraum',1,'ready',90),(7454,'2','Ruhe','Fenster','Abteil',0,'ready',47),(7455,'2','Ruhe','Fenster','Grossraum',0,'maintenance',90),(7456,'1','Handy','Fenster','Grossraum',1,'ready',89),(7457,'1','Handy','Fenster','Grossraum',1,'disabled',72),(7458,'1','Ruhe','Fenster','Grossraum',0,'ready',83),(7459,'2','Ruhe','Fenster','Tisch',0,'ready',29),(7460,'1','Ruhe','Fenster','Grossraum',1,'ready',67),(7461,'1','Handy','Fenster','Abteil',1,'broken',41),(7462,'1','Ruhe','Gang','Grossraum',0,'ready',49),(7463,'1','Ruhe','Gang','Grossraum',0,'ready',27),(7464,'1','Ruhe','Gang','Grossraum',0,'ready',69),(7465,'1','Ruhe','Gang','Grossraum',0,'ready',15),(7466,'1','Ruhe','Fenster','Tisch',1,'ready',55),(7467,'2','Handy','Fenster','Abteil',0,'maintenance',35),(7468,'2','Handy','Fenster','Tisch',0,'ready',70),(7469,'2','Ruhe','Gang','Tisch',1,'ready',38),(7470,'1','Ruhe','Gang','Abteil',0,'ready',62),(7471,'2','Ruhe','Gang','Tisch',0,'maintenance',27),(7472,'2','Ruhe','Fenster','Grossraum',0,'ready',57),(7473,'2','Handy','Gang','Abteil',0,'ready',27),(7474,'1','Ruhe','Gang','Grossraum',0,'ready',53),(7475,'1','Ruhe','Fenster','Abteil',0,'ready',68),(7476,'1','Ruhe','Fenster','Abteil',1,'ready',78),(7477,'2','Handy','Fenster','Grossraum',0,'ready',88),(7478,'2','Ruhe','Gang','Abteil',1,'ready',56),(7479,'2','Ruhe','Fenster','Grossraum',0,'ready',64),(7480,'1','Handy','Gang','Abteil',1,'ready',31),(7481,'2','Ruhe','Gang','Abteil',1,'ready',38),(7482,'2','Ruhe','Fenster','Grossraum',0,'ready',90),(7483,'1','Ruhe','Fenster','Tisch',0,'broken',3),(7484,'1','Ruhe','Fenster','Abteil',0,'ready',40),(7485,'1','Handy','Fenster','Grossraum',0,'ready',23),(7486,'1','Ruhe','Gang','Abteil',0,'disabled',33),(7487,'1','Handy','Fenster','Abteil',0,'broken',28),(7488,'1','Handy','Fenster','Abteil',1,'broken',43),(7489,'2','Handy','Fenster','Abteil',0,'ready',37),(7490,'2','Ruhe','Gang','Tisch',0,'disabled',49),(7491,'1','Handy','Fenster','Grossraum',1,'ready',61),(7492,'1','Handy','Fenster','Abteil',0,'ready',55),(7493,'1','Handy','Fenster','Grossraum',0,'broken',22),(7494,'1','Ruhe','Gang','Tisch',0,'disabled',7),(7495,'2','Handy','Fenster','Grossraum',1,'broken',20),(7496,'1','Ruhe','Fenster','Tisch',0,'maintenance',15),(7497,'2','Handy','Gang','Abteil',0,'ready',16),(7498,'1','Handy','Gang','Tisch',0,'ready',1),(7499,'1','Ruhe','Gang','Abteil',1,'ready',83),(7500,'1','Ruhe','Gang','Grossraum',0,'ready',9);
INSERT INTO `seat` VALUES (7501,'1','Ruhe','Fenster','Abteil',0,'ready',77),(7502,'2','Ruhe','Fenster','Grossraum',1,'ready',88),(7503,'1','Ruhe','Fenster','Abteil',1,'disabled',62),(7504,'2','Handy','Gang','Tisch',0,'ready',47),(7505,'2','Handy','Gang','Grossraum',0,'ready',20),(7506,'2','Handy','Gang','Tisch',0,'broken',55),(7507,'2','Handy','Fenster','Abteil',1,'ready',10),(7508,'2','Handy','Fenster','Abteil',0,'ready',76),(7509,'2','Handy','Fenster','Abteil',0,'disabled',89),(7510,'1','Handy','Fenster','Abteil',0,'ready',3),(7511,'1','Ruhe','Gang','Abteil',0,'disabled',90),(7512,'2','Handy','Fenster','Abteil',1,'disabled',26),(7513,'1','Handy','Fenster','Abteil',1,'disabled',32),(7514,'1','Ruhe','Gang','Abteil',1,'ready',87),(7515,'1','Handy','Fenster','Tisch',0,'ready',14),(7516,'2','Handy','Fenster','Abteil',0,'disabled',18),(7517,'2','Handy','Fenster','Abteil',0,'broken',47),(7518,'1','Ruhe','Fenster','Grossraum',0,'ready',14),(7519,'2','Handy','Gang','Grossraum',0,'ready',37),(7520,'1','Ruhe','Gang','Grossraum',1,'ready',15),(7521,'1','Ruhe','Gang','Grossraum',1,'ready',68),(7522,'2','Handy','Gang','Tisch',0,'broken',55),(7523,'1','Ruhe','Gang','Tisch',0,'ready',62),(7524,'2','Handy','Fenster','Tisch',1,'ready',61),(7525,'2','Ruhe','Fenster','Tisch',1,'ready',83),(7526,'2','Ruhe','Gang','Abteil',0,'ready',16),(7527,'2','Ruhe','Fenster','Abteil',0,'maintenance',60),(7528,'2','Handy','Fenster','Abteil',0,'ready',16),(7529,'1','Ruhe','Gang','Grossraum',1,'ready',25),(7530,'2','Ruhe','Fenster','Grossraum',1,'ready',31),(7531,'1','Handy','Gang','Tisch',0,'maintenance',49),(7532,'2','Ruhe','Fenster','Abteil',0,'ready',2),(7533,'1','Ruhe','Gang','Abteil',0,'maintenance',23),(7534,'1','Handy','Fenster','Abteil',0,'ready',83),(7535,'1','Handy','Gang','Tisch',0,'maintenance',9),(7536,'2','Ruhe','Fenster','Abteil',0,'ready',72),(7537,'1','Ruhe','Fenster','Tisch',0,'ready',58),(7538,'2','Handy','Fenster','Abteil',0,'broken',60),(7539,'1','Ruhe','Gang','Abteil',1,'broken',46),(7540,'1','Ruhe','Gang','Tisch',0,'ready',68),(7541,'1','Handy','Fenster','Tisch',1,'ready',50),(7542,'2','Handy','Gang','Tisch',0,'ready',71),(7543,'1','Ruhe','Fenster','Tisch',1,'ready',62),(7544,'1','Ruhe','Gang','Tisch',0,'ready',42),(7545,'1','Handy','Fenster','Grossraum',0,'broken',87),(7546,'1','Handy','Gang','Tisch',0,'ready',15),(7547,'1','Ruhe','Fenster','Grossraum',1,'ready',50),(7548,'1','Ruhe','Fenster','Tisch',0,'maintenance',34),(7549,'2','Handy','Fenster','Abteil',0,'ready',37),(7550,'1','Ruhe','Fenster','Abteil',0,'ready',37);
INSERT INTO `seat` VALUES (7551,'1','Ruhe','Gang','Tisch',0,'ready',24),(7552,'1','Ruhe','Gang','Tisch',0,'ready',84),(7553,'1','Ruhe','Fenster','Tisch',0,'ready',65),(7554,'2','Ruhe','Gang','Grossraum',0,'ready',85),(7555,'1','Handy','Fenster','Grossraum',0,'ready',61),(7556,'2','Ruhe','Gang','Abteil',0,'ready',73),(7557,'1','Handy','Fenster','Grossraum',0,'maintenance',47),(7558,'2','Handy','Gang','Tisch',1,'ready',60),(7559,'1','Handy','Fenster','Tisch',0,'ready',25),(7560,'2','Ruhe','Gang','Tisch',1,'disabled',74),(7561,'1','Ruhe','Gang','Tisch',0,'ready',41),(7562,'1','Handy','Fenster','Tisch',0,'ready',58),(7563,'2','Handy','Fenster','Tisch',0,'disabled',11),(7564,'1','Handy','Gang','Tisch',0,'ready',16),(7565,'1','Ruhe','Fenster','Tisch',0,'ready',43),(7566,'2','Handy','Gang','Grossraum',0,'ready',39),(7567,'1','Ruhe','Gang','Tisch',0,'broken',88),(7568,'1','Ruhe','Gang','Abteil',0,'ready',23),(7569,'2','Ruhe','Gang','Tisch',0,'ready',77),(7570,'2','Handy','Fenster','Grossraum',0,'ready',38),(7571,'1','Ruhe','Fenster','Grossraum',0,'ready',49),(7572,'2','Handy','Fenster','Tisch',0,'broken',50),(7573,'1','Handy','Fenster','Grossraum',0,'broken',44),(7574,'2','Ruhe','Gang','Tisch',0,'ready',56),(7575,'2','Ruhe','Gang','Grossraum',0,'broken',40),(7576,'1','Handy','Fenster','Abteil',0,'ready',35),(7577,'1','Ruhe','Gang','Grossraum',0,'ready',59),(7578,'2','Ruhe','Fenster','Tisch',0,'ready',18),(7579,'1','Ruhe','Fenster','Tisch',0,'ready',5),(7580,'1','Ruhe','Fenster','Abteil',1,'ready',45),(7581,'1','Handy','Gang','Abteil',0,'ready',14),(7582,'2','Handy','Gang','Tisch',0,'ready',89),(7583,'2','Ruhe','Fenster','Abteil',0,'broken',70),(7584,'1','Ruhe','Fenster','Tisch',0,'ready',84),(7585,'2','Handy','Gang','Tisch',0,'ready',88),(7586,'1','Handy','Fenster','Grossraum',0,'broken',76),(7587,'2','Ruhe','Fenster','Grossraum',0,'ready',44),(7588,'2','Ruhe','Gang','Grossraum',0,'broken',66),(7589,'2','Ruhe','Gang','Abteil',1,'ready',8),(7590,'1','Handy','Gang','Tisch',1,'ready',75),(7591,'1','Handy','Fenster','Abteil',0,'ready',79),(7592,'2','Ruhe','Gang','Grossraum',0,'ready',2),(7593,'1','Ruhe','Gang','Abteil',1,'ready',80),(7594,'2','Handy','Fenster','Grossraum',0,'ready',8),(7595,'2','Handy','Gang','Grossraum',0,'ready',13),(7596,'2','Ruhe','Fenster','Tisch',1,'ready',75),(7597,'1','Ruhe','Gang','Abteil',0,'disabled',34),(7598,'1','Ruhe','Gang','Grossraum',0,'ready',87),(7599,'1','Handy','Fenster','Grossraum',0,'ready',59),(7600,'1','Handy','Gang','Grossraum',0,'maintenance',43);
INSERT INTO `seat` VALUES (7601,'2','Handy','Gang','Grossraum',1,'disabled',7),(7602,'2','Handy','Fenster','Abteil',0,'ready',72),(7603,'1','Handy','Fenster','Tisch',1,'ready',59),(7604,'2','Handy','Fenster','Tisch',0,'ready',89),(7605,'1','Handy','Gang','Abteil',0,'maintenance',34),(7606,'1','Handy','Gang','Abteil',0,'broken',11),(7607,'2','Ruhe','Fenster','Abteil',0,'ready',83),(7608,'1','Ruhe','Gang','Abteil',0,'ready',72),(7609,'1','Ruhe','Fenster','Abteil',0,'ready',66),(7610,'1','Ruhe','Gang','Abteil',1,'maintenance',27),(7611,'1','Handy','Gang','Grossraum',0,'ready',7),(7612,'1','Handy','Fenster','Tisch',0,'ready',26),(7613,'2','Ruhe','Fenster','Tisch',0,'ready',18),(7614,'2','Ruhe','Fenster','Abteil',0,'ready',5),(7615,'1','Ruhe','Fenster','Abteil',0,'ready',81),(7616,'2','Handy','Fenster','Abteil',0,'ready',78),(7617,'2','Handy','Fenster','Grossraum',1,'ready',44),(7618,'2','Ruhe','Fenster','Grossraum',0,'disabled',62),(7619,'1','Ruhe','Gang','Grossraum',0,'ready',69),(7620,'2','Ruhe','Fenster','Tisch',0,'ready',83),(7621,'1','Ruhe','Fenster','Abteil',1,'broken',61),(7622,'1','Ruhe','Gang','Abteil',0,'ready',44),(7623,'2','Ruhe','Fenster','Grossraum',0,'broken',68),(7624,'2','Handy','Fenster','Abteil',1,'ready',50),(7625,'1','Ruhe','Gang','Abteil',0,'disabled',42),(7626,'2','Handy','Fenster','Grossraum',1,'broken',64),(7627,'2','Ruhe','Gang','Tisch',0,'ready',11),(7628,'1','Handy','Fenster','Grossraum',1,'ready',84),(7629,'2','Handy','Gang','Abteil',1,'broken',12),(7630,'1','Handy','Gang','Tisch',1,'ready',3),(7631,'2','Handy','Gang','Grossraum',0,'broken',39),(7632,'1','Ruhe','Gang','Grossraum',0,'ready',31),(7633,'1','Handy','Fenster','Tisch',0,'broken',38),(7634,'1','Handy','Fenster','Grossraum',0,'ready',4),(7635,'2','Handy','Gang','Tisch',0,'ready',87),(7636,'2','Ruhe','Gang','Abteil',1,'broken',67),(7637,'2','Ruhe','Gang','Abteil',0,'ready',85),(7638,'2','Handy','Gang','Grossraum',0,'ready',45),(7639,'1','Handy','Fenster','Tisch',0,'ready',47),(7640,'1','Handy','Gang','Tisch',0,'ready',87),(7641,'2','Ruhe','Fenster','Abteil',1,'ready',33),(7642,'2','Ruhe','Fenster','Tisch',1,'ready',21),(7643,'1','Handy','Fenster','Tisch',1,'ready',13),(7644,'1','Ruhe','Fenster','Grossraum',0,'ready',69),(7645,'1','Ruhe','Fenster','Tisch',0,'disabled',34),(7646,'2','Handy','Fenster','Grossraum',1,'maintenance',18),(7647,'2','Ruhe','Gang','Grossraum',0,'ready',36),(7648,'2','Ruhe','Fenster','Tisch',1,'broken',64),(7649,'1','Handy','Gang','Abteil',1,'ready',32),(7650,'2','Ruhe','Fenster','Tisch',0,'ready',5);
INSERT INTO `seat` VALUES (7651,'2','Handy','Fenster','Abteil',0,'broken',89),(7652,'2','Ruhe','Gang','Abteil',1,'ready',70),(7653,'1','Handy','Gang','Grossraum',0,'ready',13),(7654,'1','Handy','Gang','Tisch',0,'maintenance',89),(7655,'1','Ruhe','Fenster','Abteil',0,'ready',40),(7656,'2','Ruhe','Gang','Grossraum',0,'ready',70),(7657,'2','Handy','Fenster','Abteil',0,'ready',32),(7658,'1','Ruhe','Gang','Abteil',0,'broken',62),(7659,'1','Ruhe','Gang','Tisch',0,'ready',64),(7660,'2','Handy','Fenster','Tisch',0,'ready',47),(7661,'1','Ruhe','Gang','Tisch',1,'ready',42),(7662,'2','Ruhe','Fenster','Grossraum',0,'ready',22),(7663,'2','Ruhe','Gang','Grossraum',1,'ready',12),(7664,'2','Handy','Fenster','Abteil',0,'ready',9),(7665,'2','Handy','Gang','Grossraum',0,'ready',88),(7666,'2','Ruhe','Gang','Abteil',1,'ready',73),(7667,'2','Ruhe','Fenster','Grossraum',0,'ready',89),(7668,'2','Ruhe','Gang','Abteil',1,'ready',78),(7669,'1','Ruhe','Gang','Tisch',0,'ready',80),(7670,'2','Ruhe','Fenster','Tisch',0,'ready',79),(7671,'1','Ruhe','Gang','Abteil',0,'maintenance',22),(7672,'2','Ruhe','Fenster','Tisch',0,'ready',35),(7673,'2','Handy','Fenster','Tisch',0,'ready',41),(7674,'1','Handy','Fenster','Tisch',0,'ready',36),(7675,'1','Ruhe','Fenster','Grossraum',0,'disabled',5),(7676,'1','Ruhe','Fenster','Tisch',0,'broken',37),(7677,'1','Ruhe','Fenster','Abteil',0,'broken',45),(7678,'1','Ruhe','Gang','Abteil',0,'ready',87),(7679,'1','Ruhe','Gang','Abteil',0,'ready',28),(7680,'2','Handy','Fenster','Tisch',0,'maintenance',56),(7681,'1','Handy','Fenster','Tisch',0,'maintenance',68),(7682,'2','Ruhe','Gang','Grossraum',0,'ready',12),(7683,'2','Ruhe','Gang','Grossraum',0,'broken',21),(7684,'1','Ruhe','Gang','Abteil',0,'ready',11),(7685,'1','Handy','Fenster','Abteil',1,'broken',52),(7686,'2','Ruhe','Gang','Grossraum',1,'ready',3),(7687,'1','Handy','Gang','Grossraum',0,'maintenance',12),(7688,'2','Ruhe','Fenster','Abteil',0,'disabled',40),(7689,'2','Ruhe','Gang','Abteil',0,'disabled',40),(7690,'2','Handy','Fenster','Grossraum',0,'broken',61),(7691,'1','Handy','Fenster','Grossraum',0,'ready',88),(7692,'1','Ruhe','Gang','Abteil',0,'ready',45),(7693,'2','Handy','Fenster','Grossraum',0,'ready',75),(7694,'1','Handy','Fenster','Grossraum',0,'ready',3),(7695,'2','Ruhe','Fenster','Abteil',1,'ready',14),(7696,'1','Handy','Fenster','Grossraum',0,'ready',71),(7697,'1','Handy','Fenster','Grossraum',0,'ready',56),(7698,'1','Ruhe','Gang','Tisch',1,'ready',39),(7699,'1','Handy','Gang','Tisch',1,'ready',25),(7700,'2','Ruhe','Fenster','Grossraum',0,'ready',5);
INSERT INTO `seat` VALUES (7701,'2','Ruhe','Fenster','Grossraum',1,'ready',52),(7702,'1','Ruhe','Gang','Grossraum',1,'ready',53),(7703,'2','Ruhe','Fenster','Grossraum',1,'ready',69),(7704,'2','Handy','Gang','Abteil',0,'ready',12),(7705,'1','Handy','Fenster','Abteil',0,'ready',14),(7706,'1','Ruhe','Gang','Abteil',1,'maintenance',63),(7707,'2','Ruhe','Gang','Tisch',1,'ready',64),(7708,'2','Ruhe','Fenster','Tisch',0,'broken',57),(7709,'2','Handy','Gang','Abteil',0,'ready',2),(7710,'2','Handy','Gang','Tisch',0,'maintenance',59),(7711,'1','Handy','Fenster','Grossraum',1,'disabled',48),(7712,'2','Handy','Fenster','Abteil',0,'maintenance',76),(7713,'2','Handy','Fenster','Tisch',0,'ready',84),(7714,'1','Handy','Gang','Tisch',1,'ready',31),(7715,'2','Handy','Gang','Grossraum',0,'ready',54),(7716,'2','Ruhe','Fenster','Abteil',0,'maintenance',21),(7717,'1','Ruhe','Fenster','Tisch',0,'ready',8),(7718,'2','Ruhe','Fenster','Abteil',1,'ready',18),(7719,'1','Handy','Fenster','Tisch',0,'ready',79),(7720,'2','Handy','Gang','Tisch',0,'ready',72),(7721,'2','Ruhe','Fenster','Grossraum',0,'ready',32),(7722,'2','Handy','Fenster','Abteil',0,'ready',82),(7723,'1','Handy','Fenster','Grossraum',0,'broken',66),(7724,'1','Ruhe','Gang','Grossraum',0,'broken',19),(7725,'2','Handy','Fenster','Grossraum',1,'broken',87),(7726,'1','Handy','Fenster','Tisch',0,'disabled',51),(7727,'2','Ruhe','Gang','Grossraum',0,'broken',63),(7728,'2','Ruhe','Gang','Abteil',1,'ready',73),(7729,'1','Ruhe','Gang','Abteil',1,'ready',68),(7730,'1','Ruhe','Gang','Grossraum',1,'ready',30),(7731,'1','Ruhe','Fenster','Grossraum',0,'ready',73),(7732,'1','Handy','Gang','Abteil',0,'disabled',49),(7733,'1','Ruhe','Gang','Grossraum',0,'ready',45),(7734,'2','Ruhe','Gang','Tisch',0,'disabled',37),(7735,'2','Ruhe','Gang','Tisch',0,'ready',76),(7736,'1','Handy','Gang','Tisch',0,'ready',30),(7737,'2','Ruhe','Gang','Tisch',0,'broken',51),(7738,'2','Handy','Fenster','Abteil',1,'broken',38),(7739,'1','Ruhe','Fenster','Tisch',0,'ready',33),(7740,'2','Handy','Gang','Tisch',1,'maintenance',42),(7741,'2','Ruhe','Fenster','Abteil',0,'ready',87),(7742,'1','Handy','Gang','Grossraum',0,'ready',54),(7743,'2','Handy','Gang','Grossraum',0,'ready',69),(7744,'1','Ruhe','Fenster','Grossraum',0,'ready',86),(7745,'1','Handy','Fenster','Grossraum',0,'ready',63),(7746,'1','Handy','Fenster','Tisch',0,'disabled',80),(7747,'2','Ruhe','Fenster','Abteil',0,'ready',89),(7748,'2','Ruhe','Gang','Grossraum',0,'maintenance',21),(7749,'1','Handy','Fenster','Tisch',0,'ready',50),(7750,'2','Handy','Gang','Tisch',1,'ready',39);
INSERT INTO `seat` VALUES (7751,'1','Ruhe','Fenster','Abteil',0,'ready',40),(7752,'2','Handy','Fenster','Tisch',0,'maintenance',47),(7753,'2','Handy','Gang','Grossraum',0,'ready',61),(7754,'2','Ruhe','Fenster','Grossraum',0,'ready',4),(7755,'2','Ruhe','Gang','Abteil',0,'ready',61),(7756,'2','Ruhe','Fenster','Grossraum',0,'ready',76),(7757,'2','Ruhe','Fenster','Abteil',1,'ready',43),(7758,'2','Handy','Fenster','Tisch',0,'ready',11),(7759,'2','Handy','Fenster','Grossraum',0,'ready',62),(7760,'2','Ruhe','Fenster','Tisch',1,'ready',37),(7761,'1','Handy','Gang','Tisch',0,'maintenance',24),(7762,'1','Ruhe','Gang','Grossraum',0,'ready',55),(7763,'2','Ruhe','Fenster','Abteil',0,'broken',62),(7764,'1','Ruhe','Gang','Abteil',1,'ready',81),(7765,'1','Ruhe','Fenster','Grossraum',0,'ready',52),(7766,'2','Ruhe','Gang','Abteil',1,'disabled',27),(7767,'2','Ruhe','Fenster','Abteil',0,'ready',72),(7768,'2','Ruhe','Gang','Tisch',0,'maintenance',54),(7769,'2','Handy','Gang','Grossraum',0,'ready',20),(7770,'2','Handy','Fenster','Tisch',1,'disabled',33),(7771,'2','Ruhe','Fenster','Grossraum',0,'ready',35),(7772,'2','Ruhe','Gang','Abteil',0,'ready',57),(7773,'2','Handy','Fenster','Tisch',0,'ready',20),(7774,'1','Handy','Fenster','Grossraum',0,'ready',57),(7775,'1','Ruhe','Gang','Abteil',0,'ready',21),(7776,'1','Handy','Fenster','Abteil',1,'ready',31),(7777,'1','Handy','Gang','Tisch',0,'maintenance',15),(7778,'2','Handy','Fenster','Abteil',0,'ready',51),(7779,'1','Handy','Fenster','Grossraum',1,'broken',79),(7780,'1','Handy','Fenster','Abteil',1,'maintenance',44),(7781,'2','Handy','Gang','Grossraum',1,'ready',69),(7782,'2','Handy','Fenster','Grossraum',0,'ready',60),(7783,'2','Handy','Gang','Grossraum',0,'broken',47),(7784,'2','Ruhe','Fenster','Abteil',0,'ready',62),(7785,'2','Ruhe','Fenster','Grossraum',1,'ready',57),(7786,'1','Ruhe','Fenster','Abteil',0,'ready',68),(7787,'1','Handy','Fenster','Tisch',0,'ready',40),(7788,'1','Handy','Fenster','Abteil',0,'ready',73),(7789,'2','Ruhe','Fenster','Tisch',1,'ready',66),(7790,'1','Ruhe','Gang','Grossraum',0,'maintenance',53),(7791,'1','Handy','Gang','Tisch',1,'ready',35),(7792,'2','Handy','Fenster','Abteil',0,'ready',83),(7793,'1','Ruhe','Gang','Abteil',0,'ready',26),(7794,'2','Ruhe','Gang','Tisch',0,'ready',23),(7795,'1','Ruhe','Fenster','Abteil',0,'disabled',86),(7796,'1','Handy','Gang','Abteil',0,'ready',16),(7797,'2','Ruhe','Fenster','Tisch',1,'ready',32),(7798,'2','Handy','Gang','Grossraum',1,'ready',5),(7799,'2','Ruhe','Fenster','Abteil',0,'ready',17),(7800,'1','Handy','Fenster','Abteil',1,'disabled',22);
INSERT INTO `seat` VALUES (7801,'2','Ruhe','Gang','Tisch',1,'ready',87),(7802,'1','Handy','Gang','Abteil',1,'disabled',82),(7803,'1','Handy','Fenster','Abteil',1,'ready',26),(7804,'1','Ruhe','Fenster','Grossraum',0,'ready',18),(7805,'1','Ruhe','Fenster','Tisch',0,'disabled',59),(7806,'1','Handy','Gang','Abteil',1,'ready',22),(7807,'2','Handy','Fenster','Tisch',0,'ready',69),(7808,'1','Ruhe','Gang','Grossraum',0,'broken',86),(7809,'2','Handy','Fenster','Tisch',1,'ready',75),(7810,'1','Handy','Fenster','Grossraum',1,'ready',39),(7811,'2','Ruhe','Fenster','Tisch',0,'ready',86),(7812,'1','Handy','Gang','Grossraum',1,'broken',44),(7813,'2','Handy','Gang','Abteil',1,'ready',30),(7814,'1','Ruhe','Fenster','Tisch',1,'ready',38),(7815,'1','Ruhe','Fenster','Grossraum',1,'ready',64),(7816,'2','Ruhe','Gang','Grossraum',0,'ready',51),(7817,'1','Ruhe','Gang','Abteil',0,'ready',84),(7818,'2','Ruhe','Fenster','Grossraum',0,'broken',41),(7819,'2','Ruhe','Fenster','Tisch',0,'ready',80),(7820,'1','Handy','Fenster','Grossraum',1,'ready',77),(7821,'2','Ruhe','Fenster','Abteil',1,'ready',71),(7822,'2','Handy','Fenster','Grossraum',0,'ready',52),(7823,'2','Ruhe','Fenster','Tisch',0,'ready',64),(7824,'2','Handy','Gang','Abteil',0,'ready',75),(7825,'1','Handy','Gang','Abteil',0,'ready',82),(7826,'2','Ruhe','Gang','Abteil',0,'ready',51),(7827,'2','Handy','Gang','Tisch',0,'maintenance',2),(7828,'1','Ruhe','Gang','Tisch',0,'ready',81),(7829,'2','Ruhe','Fenster','Tisch',1,'ready',23),(7830,'2','Ruhe','Fenster','Grossraum',1,'disabled',86),(7831,'1','Ruhe','Gang','Tisch',0,'ready',84),(7832,'2','Handy','Fenster','Grossraum',0,'maintenance',77),(7833,'1','Ruhe','Gang','Grossraum',0,'ready',6),(7834,'2','Ruhe','Gang','Abteil',0,'maintenance',81),(7835,'2','Ruhe','Gang','Tisch',0,'ready',89),(7836,'2','Ruhe','Gang','Tisch',1,'ready',19),(7837,'1','Handy','Fenster','Tisch',0,'ready',87),(7838,'2','Ruhe','Fenster','Tisch',0,'ready',45),(7839,'2','Ruhe','Fenster','Tisch',0,'ready',83),(7840,'1','Ruhe','Fenster','Abteil',0,'ready',70),(7841,'2','Handy','Gang','Grossraum',0,'ready',31),(7842,'1','Ruhe','Fenster','Abteil',0,'broken',72),(7843,'1','Ruhe','Gang','Grossraum',0,'ready',48),(7844,'1','Handy','Gang','Tisch',0,'maintenance',55),(7845,'2','Handy','Fenster','Grossraum',0,'ready',68),(7846,'1','Ruhe','Fenster','Tisch',0,'ready',47),(7847,'2','Handy','Gang','Tisch',0,'ready',89),(7848,'2','Ruhe','Gang','Tisch',0,'maintenance',79),(7849,'2','Ruhe','Gang','Grossraum',1,'ready',74),(7850,'2','Handy','Fenster','Grossraum',0,'ready',40);
INSERT INTO `seat` VALUES (7851,'2','Ruhe','Gang','Tisch',0,'maintenance',54),(7852,'2','Ruhe','Fenster','Grossraum',1,'disabled',2),(7853,'1','Ruhe','Gang','Grossraum',0,'ready',85),(7854,'2','Ruhe','Fenster','Grossraum',0,'ready',70),(7855,'2','Handy','Fenster','Tisch',1,'ready',67),(7856,'2','Handy','Fenster','Abteil',0,'broken',37),(7857,'1','Handy','Fenster','Tisch',0,'broken',62),(7858,'2','Ruhe','Fenster','Tisch',0,'disabled',74),(7859,'1','Ruhe','Gang','Abteil',0,'ready',30),(7860,'1','Ruhe','Fenster','Abteil',0,'ready',25),(7861,'2','Handy','Fenster','Abteil',0,'ready',85),(7862,'2','Handy','Fenster','Tisch',0,'ready',42),(7863,'1','Handy','Fenster','Abteil',0,'ready',63),(7864,'2','Handy','Gang','Tisch',0,'broken',67),(7865,'2','Ruhe','Gang','Abteil',0,'ready',43),(7866,'1','Ruhe','Gang','Abteil',1,'ready',29),(7867,'2','Handy','Fenster','Tisch',0,'ready',59),(7868,'2','Handy','Fenster','Grossraum',1,'maintenance',82),(7869,'2','Handy','Fenster','Tisch',0,'ready',38),(7870,'2','Handy','Gang','Abteil',0,'ready',78),(7871,'2','Ruhe','Gang','Grossraum',0,'ready',56),(7872,'1','Ruhe','Gang','Tisch',0,'ready',43),(7873,'1','Handy','Fenster','Tisch',0,'ready',51),(7874,'2','Handy','Fenster','Tisch',0,'ready',34),(7875,'1','Handy','Fenster','Tisch',1,'ready',81),(7876,'1','Handy','Gang','Grossraum',0,'ready',50),(7877,'1','Handy','Gang','Abteil',0,'ready',68),(7878,'2','Handy','Gang','Grossraum',0,'maintenance',71),(7879,'2','Ruhe','Gang','Grossraum',0,'ready',46),(7880,'1','Ruhe','Fenster','Tisch',0,'ready',87),(7881,'1','Handy','Gang','Grossraum',0,'disabled',44),(7882,'2','Handy','Gang','Grossraum',1,'broken',90),(7883,'2','Handy','Fenster','Grossraum',0,'ready',86),(7884,'1','Handy','Fenster','Grossraum',0,'ready',31),(7885,'1','Handy','Fenster','Grossraum',0,'ready',54),(7886,'2','Handy','Gang','Grossraum',1,'ready',31),(7887,'1','Ruhe','Fenster','Abteil',0,'ready',51),(7888,'2','Ruhe','Fenster','Tisch',0,'ready',34),(7889,'1','Handy','Fenster','Tisch',0,'ready',77),(7890,'2','Handy','Gang','Grossraum',0,'ready',43),(7891,'1','Handy','Fenster','Grossraum',0,'ready',60),(7892,'1','Ruhe','Fenster','Abteil',0,'ready',61),(7893,'2','Ruhe','Fenster','Grossraum',0,'ready',62),(7894,'2','Ruhe','Gang','Abteil',0,'ready',54),(7895,'1','Handy','Fenster','Grossraum',0,'ready',32),(7896,'2','Ruhe','Gang','Abteil',0,'ready',34),(7897,'2','Ruhe','Gang','Abteil',0,'ready',49),(7898,'2','Ruhe','Gang','Abteil',0,'ready',32),(7899,'2','Handy','Fenster','Grossraum',0,'disabled',74),(7900,'1','Ruhe','Gang','Grossraum',0,'ready',23);
INSERT INTO `seat` VALUES (7901,'1','Handy','Gang','Abteil',0,'ready',79),(7902,'1','Handy','Fenster','Tisch',1,'ready',38),(7903,'2','Ruhe','Fenster','Abteil',0,'disabled',58),(7904,'1','Handy','Gang','Tisch',0,'ready',2),(7905,'1','Handy','Gang','Abteil',0,'ready',43),(7906,'2','Handy','Gang','Abteil',0,'disabled',84),(7907,'1','Ruhe','Gang','Grossraum',0,'broken',36),(7908,'1','Ruhe','Fenster','Tisch',0,'ready',10),(7909,'2','Handy','Fenster','Grossraum',0,'ready',89),(7910,'1','Ruhe','Fenster','Tisch',0,'ready',7),(7911,'1','Handy','Fenster','Tisch',0,'ready',70),(7912,'2','Ruhe','Gang','Tisch',0,'ready',75),(7913,'1','Ruhe','Gang','Tisch',1,'ready',23),(7914,'1','Ruhe','Gang','Grossraum',0,'disabled',69),(7915,'1','Handy','Fenster','Abteil',1,'ready',17),(7916,'1','Handy','Gang','Abteil',0,'ready',38),(7917,'2','Handy','Gang','Tisch',1,'ready',5),(7918,'2','Handy','Fenster','Grossraum',1,'ready',68),(7919,'1','Handy','Fenster','Tisch',0,'ready',13),(7920,'1','Handy','Fenster','Tisch',0,'ready',55),(7921,'1','Ruhe','Gang','Tisch',1,'ready',53),(7922,'2','Handy','Gang','Grossraum',1,'disabled',20),(7923,'2','Ruhe','Gang','Grossraum',1,'ready',25),(7924,'1','Handy','Gang','Tisch',0,'ready',17),(7925,'1','Ruhe','Fenster','Abteil',1,'ready',5),(7926,'1','Handy','Fenster','Tisch',0,'ready',87),(7927,'1','Ruhe','Fenster','Tisch',1,'disabled',79),(7928,'2','Ruhe','Fenster','Grossraum',0,'ready',39),(7929,'2','Ruhe','Gang','Tisch',0,'ready',9),(7930,'1','Handy','Gang','Abteil',0,'ready',62),(7931,'2','Ruhe','Fenster','Abteil',0,'disabled',56),(7932,'2','Handy','Gang','Grossraum',1,'ready',69),(7933,'1','Handy','Gang','Tisch',0,'disabled',8),(7934,'1','Handy','Fenster','Abteil',0,'ready',86),(7935,'1','Handy','Fenster','Abteil',1,'ready',58),(7936,'1','Handy','Gang','Grossraum',0,'maintenance',59),(7937,'1','Handy','Gang','Tisch',0,'ready',49),(7938,'1','Ruhe','Fenster','Grossraum',1,'ready',19),(7939,'2','Handy','Fenster','Grossraum',0,'ready',5),(7940,'1','Handy','Gang','Grossraum',0,'ready',39),(7941,'1','Handy','Fenster','Abteil',1,'ready',2),(7942,'1','Handy','Gang','Grossraum',0,'ready',41),(7943,'1','Handy','Fenster','Grossraum',0,'ready',86),(7944,'1','Ruhe','Gang','Tisch',0,'maintenance',31),(7945,'2','Handy','Fenster','Tisch',0,'ready',27),(7946,'2','Handy','Fenster','Abteil',1,'disabled',66),(7947,'2','Handy','Gang','Grossraum',1,'broken',24),(7948,'2','Handy','Gang','Tisch',1,'maintenance',1),(7949,'1','Ruhe','Gang','Abteil',0,'ready',45),(7950,'1','Ruhe','Gang','Tisch',0,'ready',47);
INSERT INTO `seat` VALUES (7951,'1','Handy','Fenster','Grossraum',1,'ready',11),(7952,'2','Handy','Fenster','Abteil',0,'ready',81),(7953,'2','Ruhe','Gang','Tisch',1,'ready',61),(7954,'2','Ruhe','Gang','Grossraum',1,'ready',26),(7955,'1','Handy','Fenster','Grossraum',0,'ready',87),(7956,'1','Handy','Gang','Abteil',0,'ready',39),(7957,'1','Ruhe','Gang','Grossraum',0,'ready',52),(7958,'1','Ruhe','Fenster','Tisch',0,'ready',64),(7959,'2','Ruhe','Fenster','Grossraum',0,'broken',66),(7960,'1','Ruhe','Gang','Tisch',0,'ready',66),(7961,'2','Ruhe','Fenster','Grossraum',0,'broken',25),(7962,'2','Handy','Gang','Grossraum',0,'ready',34),(7963,'1','Handy','Gang','Grossraum',0,'ready',35),(7964,'1','Handy','Gang','Tisch',1,'ready',65),(7965,'1','Ruhe','Fenster','Grossraum',0,'ready',40),(7966,'1','Ruhe','Gang','Grossraum',0,'ready',61),(7967,'2','Ruhe','Gang','Tisch',0,'ready',80),(7968,'2','Handy','Fenster','Tisch',0,'ready',44),(7969,'1','Handy','Gang','Grossraum',0,'ready',4),(7970,'1','Handy','Gang','Tisch',0,'disabled',32),(7971,'1','Handy','Gang','Abteil',1,'ready',45),(7972,'1','Ruhe','Fenster','Abteil',1,'ready',18),(7973,'2','Handy','Fenster','Tisch',1,'broken',15),(7974,'2','Ruhe','Gang','Abteil',0,'ready',83),(7975,'1','Handy','Gang','Abteil',0,'ready',13),(7976,'1','Handy','Gang','Tisch',0,'disabled',88),(7977,'2','Ruhe','Gang','Grossraum',0,'broken',58),(7978,'1','Handy','Fenster','Tisch',0,'ready',62),(7979,'1','Ruhe','Fenster','Tisch',0,'ready',33),(7980,'1','Handy','Fenster','Tisch',1,'disabled',86),(7981,'1','Ruhe','Gang','Abteil',0,'disabled',17),(7982,'1','Ruhe','Gang','Tisch',0,'ready',44),(7983,'2','Handy','Fenster','Grossraum',0,'disabled',88),(7984,'1','Ruhe','Fenster','Abteil',1,'broken',17),(7985,'1','Ruhe','Gang','Abteil',0,'ready',29),(7986,'2','Ruhe','Gang','Tisch',0,'ready',13),(7987,'2','Ruhe','Fenster','Tisch',0,'ready',23),(7988,'2','Handy','Gang','Abteil',0,'ready',84),(7989,'1','Ruhe','Gang','Tisch',1,'ready',4),(7990,'1','Ruhe','Gang','Tisch',1,'ready',38),(7991,'2','Handy','Fenster','Grossraum',0,'ready',41),(7992,'2','Handy','Fenster','Abteil',1,'ready',54),(7993,'2','Ruhe','Gang','Tisch',0,'maintenance',7),(7994,'2','Ruhe','Gang','Abteil',0,'broken',15),(7995,'1','Handy','Gang','Abteil',0,'ready',1),(7996,'1','Handy','Fenster','Tisch',0,'ready',17),(7997,'1','Handy','Fenster','Grossraum',1,'ready',23),(7998,'2','Handy','Fenster','Grossraum',0,'ready',21),(7999,'1','Handy','Fenster','Tisch',0,'ready',73),(8000,'1','Handy','Fenster','Abteil',0,'ready',74);
INSERT INTO `seat` VALUES (8001,'1','Handy','Gang','Grossraum',0,'disabled',77),(8002,'2','Handy','Fenster','Tisch',0,'ready',39),(8003,'2','Handy','Gang','Tisch',0,'ready',56),(8004,'1','Handy','Fenster','Tisch',1,'ready',22),(8005,'2','Handy','Fenster','Grossraum',0,'ready',35),(8006,'1','Ruhe','Fenster','Tisch',1,'broken',67),(8007,'1','Handy','Fenster','Tisch',0,'ready',67),(8008,'1','Ruhe','Fenster','Tisch',1,'ready',27),(8009,'1','Ruhe','Gang','Abteil',0,'ready',6),(8010,'2','Handy','Fenster','Abteil',0,'maintenance',5),(8011,'1','Ruhe','Fenster','Grossraum',0,'disabled',51),(8012,'1','Handy','Fenster','Abteil',1,'broken',82),(8013,'2','Ruhe','Gang','Abteil',0,'ready',43),(8014,'1','Handy','Gang','Grossraum',0,'ready',21),(8015,'2','Handy','Gang','Grossraum',0,'ready',3),(8016,'1','Ruhe','Fenster','Abteil',1,'ready',1),(8017,'1','Ruhe','Fenster','Grossraum',0,'ready',77),(8018,'1','Handy','Gang','Tisch',1,'broken',65),(8019,'1','Ruhe','Fenster','Tisch',0,'ready',5),(8020,'2','Handy','Gang','Grossraum',0,'ready',24),(8021,'2','Handy','Gang','Abteil',1,'broken',49),(8022,'1','Handy','Fenster','Tisch',0,'ready',42),(8023,'2','Ruhe','Gang','Tisch',0,'maintenance',38),(8024,'1','Handy','Gang','Tisch',0,'ready',18),(8025,'1','Ruhe','Fenster','Grossraum',0,'ready',69),(8026,'1','Handy','Fenster','Abteil',0,'ready',71),(8027,'2','Handy','Fenster','Tisch',0,'broken',34),(8028,'2','Handy','Fenster','Tisch',1,'ready',1),(8029,'2','Handy','Fenster','Grossraum',1,'ready',83),(8030,'2','Handy','Fenster','Abteil',0,'ready',85),(8031,'2','Handy','Fenster','Tisch',1,'ready',12),(8032,'2','Handy','Gang','Tisch',0,'ready',75),(8033,'2','Ruhe','Gang','Grossraum',0,'ready',27),(8034,'2','Ruhe','Gang','Grossraum',0,'ready',55),(8035,'2','Ruhe','Fenster','Tisch',1,'broken',67),(8036,'1','Handy','Gang','Abteil',1,'broken',33),(8037,'1','Handy','Fenster','Grossraum',0,'maintenance',53),(8038,'1','Handy','Fenster','Grossraum',0,'broken',85),(8039,'2','Ruhe','Fenster','Grossraum',0,'disabled',15),(8040,'2','Handy','Fenster','Abteil',0,'ready',29),(8041,'1','Handy','Fenster','Tisch',0,'disabled',14),(8042,'2','Handy','Fenster','Tisch',0,'broken',89),(8043,'1','Handy','Fenster','Tisch',1,'ready',15),(8044,'1','Ruhe','Gang','Tisch',0,'ready',64),(8045,'1','Ruhe','Fenster','Tisch',0,'ready',29),(8046,'1','Handy','Gang','Grossraum',0,'ready',46),(8047,'2','Handy','Fenster','Tisch',1,'ready',41),(8048,'2','Ruhe','Fenster','Abteil',0,'ready',67),(8049,'2','Ruhe','Fenster','Tisch',1,'ready',75),(8050,'1','Ruhe','Fenster','Grossraum',0,'ready',73);
INSERT INTO `seat` VALUES (8051,'1','Ruhe','Gang','Abteil',0,'broken',78),(8052,'2','Handy','Fenster','Grossraum',1,'ready',33),(8053,'2','Handy','Fenster','Abteil',1,'ready',58),(8054,'1','Handy','Fenster','Tisch',0,'ready',60),(8055,'2','Handy','Gang','Grossraum',0,'ready',76),(8056,'2','Ruhe','Gang','Tisch',1,'broken',63),(8057,'1','Handy','Fenster','Abteil',0,'maintenance',87),(8058,'1','Handy','Gang','Tisch',0,'ready',64),(8059,'1','Handy','Gang','Tisch',0,'maintenance',56),(8060,'2','Handy','Gang','Abteil',1,'ready',40),(8061,'1','Ruhe','Gang','Tisch',0,'broken',19),(8062,'1','Ruhe','Gang','Tisch',0,'broken',33),(8063,'2','Ruhe','Gang','Abteil',0,'ready',86),(8064,'1','Handy','Gang','Grossraum',0,'ready',20),(8065,'1','Handy','Gang','Abteil',1,'ready',14),(8066,'2','Ruhe','Fenster','Grossraum',0,'ready',36),(8067,'1','Handy','Gang','Grossraum',1,'ready',25),(8068,'2','Ruhe','Fenster','Abteil',0,'ready',78),(8069,'1','Ruhe','Gang','Grossraum',1,'ready',1),(8070,'1','Handy','Gang','Tisch',0,'ready',11),(8071,'1','Ruhe','Gang','Tisch',0,'ready',24),(8072,'2','Handy','Fenster','Abteil',0,'ready',77),(8073,'1','Ruhe','Gang','Abteil',0,'ready',85),(8074,'1','Handy','Fenster','Tisch',0,'ready',8),(8075,'1','Handy','Fenster','Abteil',1,'ready',82),(8076,'1','Handy','Fenster','Grossraum',0,'ready',17),(8077,'2','Handy','Gang','Grossraum',1,'ready',5),(8078,'2','Ruhe','Fenster','Grossraum',0,'ready',8),(8079,'1','Handy','Gang','Tisch',1,'ready',82),(8080,'2','Handy','Gang','Grossraum',1,'ready',24),(8081,'1','Handy','Fenster','Grossraum',0,'ready',44),(8082,'2','Ruhe','Fenster','Grossraum',0,'broken',69),(8083,'1','Ruhe','Fenster','Abteil',1,'maintenance',26),(8084,'1','Ruhe','Gang','Tisch',1,'ready',69),(8085,'1','Ruhe','Gang','Abteil',1,'maintenance',32),(8086,'1','Ruhe','Fenster','Abteil',0,'maintenance',14),(8087,'2','Ruhe','Fenster','Abteil',1,'ready',22),(8088,'1','Handy','Fenster','Abteil',0,'ready',13),(8089,'2','Handy','Gang','Abteil',1,'maintenance',61),(8090,'2','Ruhe','Gang','Tisch',0,'ready',15),(8091,'2','Handy','Gang','Abteil',1,'ready',83),(8092,'1','Ruhe','Gang','Abteil',0,'ready',81),(8093,'1','Ruhe','Gang','Abteil',0,'ready',61),(8094,'2','Handy','Gang','Abteil',0,'maintenance',74),(8095,'2','Handy','Fenster','Grossraum',0,'ready',35),(8096,'1','Ruhe','Fenster','Grossraum',0,'ready',17),(8097,'2','Ruhe','Gang','Abteil',1,'ready',70),(8098,'1','Handy','Gang','Tisch',0,'ready',47),(8099,'2','Handy','Fenster','Abteil',1,'ready',83),(8100,'1','Ruhe','Fenster','Abteil',0,'ready',57);
INSERT INTO `seat` VALUES (8101,'1','Ruhe','Fenster','Tisch',1,'ready',17),(8102,'1','Ruhe','Fenster','Abteil',1,'ready',7),(8103,'2','Handy','Fenster','Abteil',1,'ready',9),(8104,'1','Handy','Gang','Tisch',0,'broken',6),(8105,'2','Ruhe','Gang','Grossraum',0,'ready',56),(8106,'2','Handy','Gang','Grossraum',1,'ready',23),(8107,'1','Ruhe','Fenster','Abteil',1,'ready',11),(8108,'2','Handy','Fenster','Grossraum',0,'maintenance',54),(8109,'2','Ruhe','Fenster','Tisch',0,'ready',59),(8110,'1','Ruhe','Gang','Grossraum',0,'ready',82),(8111,'1','Handy','Gang','Grossraum',1,'maintenance',58),(8112,'1','Handy','Fenster','Grossraum',0,'broken',33),(8113,'2','Ruhe','Fenster','Grossraum',0,'ready',85),(8114,'1','Ruhe','Gang','Grossraum',0,'ready',18),(8115,'1','Handy','Gang','Tisch',0,'ready',7),(8116,'1','Handy','Fenster','Tisch',1,'ready',53),(8117,'2','Handy','Gang','Grossraum',0,'ready',66),(8118,'1','Handy','Gang','Grossraum',0,'ready',46),(8119,'2','Ruhe','Gang','Tisch',0,'ready',7),(8120,'2','Handy','Fenster','Grossraum',0,'ready',9),(8121,'1','Handy','Fenster','Grossraum',0,'ready',58),(8122,'2','Ruhe','Fenster','Tisch',1,'ready',19),(8123,'1','Handy','Fenster','Tisch',0,'ready',13),(8124,'2','Handy','Gang','Abteil',0,'ready',71),(8125,'2','Ruhe','Fenster','Abteil',1,'maintenance',7),(8126,'1','Handy','Gang','Grossraum',1,'ready',19),(8127,'2','Handy','Fenster','Abteil',0,'broken',17),(8128,'1','Handy','Gang','Tisch',0,'broken',6),(8129,'2','Handy','Fenster','Tisch',0,'ready',22),(8130,'1','Handy','Gang','Tisch',1,'disabled',1),(8131,'2','Ruhe','Fenster','Grossraum',0,'maintenance',47),(8132,'2','Handy','Gang','Grossraum',1,'ready',24),(8133,'2','Handy','Fenster','Grossraum',0,'ready',21),(8134,'1','Ruhe','Fenster','Grossraum',0,'ready',89),(8135,'2','Handy','Fenster','Abteil',1,'ready',3),(8136,'1','Ruhe','Gang','Abteil',1,'ready',87),(8137,'2','Ruhe','Gang','Grossraum',0,'ready',52),(8138,'2','Handy','Gang','Grossraum',0,'ready',5),(8139,'2','Handy','Fenster','Tisch',0,'ready',75),(8140,'1','Handy','Gang','Grossraum',0,'ready',37),(8141,'1','Handy','Fenster','Tisch',1,'ready',27),(8142,'1','Ruhe','Fenster','Tisch',0,'ready',62),(8143,'1','Ruhe','Gang','Grossraum',0,'ready',4),(8144,'1','Handy','Fenster','Abteil',0,'ready',49),(8145,'1','Handy','Fenster','Abteil',1,'ready',78),(8146,'1','Ruhe','Gang','Tisch',0,'ready',16),(8147,'1','Ruhe','Gang','Tisch',0,'ready',56),(8148,'1','Ruhe','Gang','Grossraum',0,'disabled',31),(8149,'1','Handy','Fenster','Abteil',1,'disabled',42),(8150,'2','Handy','Gang','Tisch',1,'ready',21);
INSERT INTO `seat` VALUES (8151,'2','Handy','Gang','Abteil',0,'maintenance',17),(8152,'2','Ruhe','Gang','Tisch',0,'ready',73),(8153,'1','Handy','Gang','Grossraum',1,'ready',58),(8154,'1','Handy','Fenster','Tisch',0,'broken',79),(8155,'2','Ruhe','Gang','Abteil',1,'maintenance',38),(8156,'1','Ruhe','Fenster','Tisch',0,'ready',84),(8157,'2','Handy','Gang','Grossraum',0,'disabled',64),(8158,'2','Ruhe','Fenster','Tisch',0,'disabled',83),(8159,'1','Handy','Gang','Abteil',0,'ready',68),(8160,'2','Ruhe','Gang','Grossraum',1,'ready',9),(8161,'1','Handy','Gang','Tisch',0,'ready',34),(8162,'2','Handy','Fenster','Tisch',0,'ready',66),(8163,'2','Ruhe','Gang','Abteil',0,'ready',76),(8164,'2','Ruhe','Gang','Grossraum',1,'ready',36),(8165,'2','Handy','Gang','Abteil',0,'ready',41),(8166,'1','Ruhe','Fenster','Abteil',0,'ready',20),(8167,'2','Ruhe','Fenster','Grossraum',1,'ready',71),(8168,'2','Handy','Fenster','Abteil',0,'ready',55),(8169,'1','Handy','Gang','Grossraum',0,'ready',40),(8170,'1','Ruhe','Fenster','Tisch',1,'maintenance',70),(8171,'1','Ruhe','Fenster','Tisch',0,'ready',47),(8172,'2','Ruhe','Gang','Abteil',0,'ready',66),(8173,'2','Handy','Gang','Tisch',0,'ready',15),(8174,'1','Ruhe','Gang','Abteil',0,'ready',35),(8175,'2','Handy','Gang','Abteil',0,'ready',40),(8176,'1','Handy','Fenster','Tisch',0,'ready',27),(8177,'1','Handy','Fenster','Grossraum',0,'ready',56),(8178,'1','Handy','Fenster','Grossraum',1,'ready',39),(8179,'1','Handy','Fenster','Tisch',0,'ready',86),(8180,'1','Handy','Gang','Abteil',1,'ready',38),(8181,'1','Ruhe','Fenster','Grossraum',0,'broken',74),(8182,'1','Ruhe','Fenster','Abteil',0,'ready',51),(8183,'1','Handy','Fenster','Abteil',1,'disabled',5),(8184,'2','Ruhe','Fenster','Abteil',1,'ready',75),(8185,'2','Ruhe','Gang','Abteil',0,'ready',22),(8186,'1','Handy','Gang','Tisch',1,'ready',81),(8187,'1','Handy','Gang','Tisch',0,'ready',81),(8188,'2','Handy','Fenster','Grossraum',0,'ready',33),(8189,'1','Handy','Fenster','Grossraum',0,'ready',76),(8190,'2','Ruhe','Gang','Tisch',0,'maintenance',14),(8191,'2','Ruhe','Gang','Grossraum',1,'ready',26),(8192,'2','Handy','Gang','Grossraum',0,'ready',30),(8193,'2','Handy','Fenster','Grossraum',0,'broken',67),(8194,'1','Ruhe','Fenster','Abteil',0,'ready',2),(8195,'1','Handy','Gang','Tisch',0,'ready',5),(8196,'2','Handy','Fenster','Tisch',1,'ready',22),(8197,'2','Ruhe','Fenster','Tisch',1,'disabled',72),(8198,'2','Handy','Gang','Tisch',0,'ready',19),(8199,'2','Ruhe','Fenster','Abteil',1,'ready',53),(8200,'1','Ruhe','Gang','Abteil',0,'maintenance',6);
INSERT INTO `seat` VALUES (8201,'1','Ruhe','Fenster','Tisch',0,'ready',29),(8202,'2','Handy','Fenster','Abteil',0,'broken',35),(8203,'2','Handy','Gang','Grossraum',0,'ready',39),(8204,'1','Handy','Gang','Tisch',0,'ready',80),(8205,'2','Handy','Gang','Abteil',0,'ready',45),(8206,'2','Handy','Fenster','Tisch',0,'ready',11),(8207,'2','Ruhe','Gang','Tisch',0,'maintenance',59),(8208,'1','Handy','Fenster','Tisch',1,'ready',89),(8209,'1','Ruhe','Gang','Abteil',1,'broken',79),(8210,'2','Ruhe','Gang','Grossraum',0,'disabled',50),(8211,'1','Ruhe','Gang','Grossraum',0,'ready',40),(8212,'1','Handy','Gang','Grossraum',1,'ready',87),(8213,'2','Handy','Fenster','Abteil',0,'ready',45),(8214,'2','Handy','Gang','Tisch',0,'ready',81),(8215,'1','Handy','Fenster','Abteil',1,'ready',33),(8216,'2','Ruhe','Gang','Abteil',0,'broken',88),(8217,'2','Ruhe','Fenster','Grossraum',0,'ready',50),(8218,'2','Handy','Gang','Abteil',0,'ready',87),(8219,'1','Handy','Gang','Tisch',0,'ready',36),(8220,'1','Ruhe','Fenster','Tisch',0,'broken',34),(8221,'2','Handy','Fenster','Tisch',1,'ready',21),(8222,'2','Handy','Fenster','Tisch',0,'ready',48),(8223,'2','Ruhe','Fenster','Grossraum',0,'ready',66),(8224,'2','Ruhe','Gang','Tisch',1,'ready',29),(8225,'2','Handy','Gang','Tisch',0,'ready',41),(8226,'2','Handy','Fenster','Grossraum',1,'ready',67),(8227,'2','Ruhe','Gang','Tisch',1,'ready',6),(8228,'1','Ruhe','Fenster','Abteil',0,'ready',58),(8229,'2','Ruhe','Fenster','Abteil',0,'ready',24),(8230,'1','Handy','Gang','Tisch',0,'ready',78),(8231,'1','Ruhe','Fenster','Abteil',1,'ready',36),(8232,'2','Handy','Gang','Abteil',0,'ready',21),(8233,'1','Ruhe','Fenster','Abteil',1,'ready',68),(8234,'1','Handy','Fenster','Tisch',1,'maintenance',74),(8235,'1','Handy','Gang','Grossraum',1,'ready',13),(8236,'2','Ruhe','Fenster','Abteil',0,'maintenance',31),(8237,'2','Handy','Gang','Grossraum',1,'ready',76),(8238,'1','Ruhe','Fenster','Abteil',0,'ready',86),(8239,'2','Ruhe','Gang','Tisch',0,'broken',20),(8240,'1','Ruhe','Gang','Abteil',0,'ready',40),(8241,'1','Handy','Fenster','Grossraum',0,'broken',55),(8242,'1','Handy','Gang','Grossraum',0,'broken',4),(8243,'2','Handy','Fenster','Tisch',0,'ready',56),(8244,'1','Handy','Fenster','Tisch',1,'ready',36),(8245,'2','Ruhe','Gang','Grossraum',0,'disabled',11),(8246,'2','Handy','Fenster','Tisch',0,'maintenance',86),(8247,'2','Ruhe','Fenster','Tisch',1,'ready',63),(8248,'2','Ruhe','Fenster','Grossraum',1,'ready',48),(8249,'2','Handy','Gang','Grossraum',1,'broken',4),(8250,'2','Ruhe','Gang','Abteil',0,'ready',71);
INSERT INTO `seat` VALUES (8251,'2','Ruhe','Gang','Tisch',0,'ready',85),(8252,'1','Ruhe','Fenster','Tisch',0,'ready',13),(8253,'1','Handy','Fenster','Grossraum',0,'ready',16),(8254,'2','Ruhe','Fenster','Tisch',0,'ready',20),(8255,'1','Ruhe','Gang','Grossraum',1,'maintenance',51),(8256,'1','Ruhe','Fenster','Grossraum',0,'disabled',58),(8257,'1','Ruhe','Gang','Abteil',0,'disabled',20),(8258,'1','Handy','Gang','Grossraum',0,'ready',19),(8259,'1','Ruhe','Gang','Abteil',0,'ready',79),(8260,'2','Ruhe','Fenster','Abteil',0,'maintenance',86),(8261,'2','Ruhe','Fenster','Tisch',0,'ready',15),(8262,'2','Ruhe','Fenster','Tisch',0,'ready',19),(8263,'1','Handy','Gang','Tisch',0,'broken',16),(8264,'1','Handy','Fenster','Abteil',0,'maintenance',42),(8265,'1','Handy','Fenster','Tisch',1,'ready',60),(8266,'2','Handy','Fenster','Grossraum',1,'ready',61),(8267,'1','Ruhe','Fenster','Abteil',0,'ready',63),(8268,'2','Ruhe','Fenster','Abteil',0,'ready',83),(8269,'1','Handy','Gang','Abteil',0,'ready',73),(8270,'2','Ruhe','Gang','Tisch',1,'ready',24),(8271,'2','Ruhe','Fenster','Abteil',1,'disabled',60),(8272,'2','Handy','Gang','Tisch',0,'ready',62),(8273,'1','Handy','Fenster','Grossraum',0,'broken',46),(8274,'1','Handy','Fenster','Tisch',0,'ready',38),(8275,'2','Ruhe','Gang','Tisch',0,'ready',44),(8276,'1','Ruhe','Gang','Abteil',1,'ready',56),(8277,'2','Handy','Fenster','Tisch',0,'ready',64),(8278,'2','Handy','Fenster','Abteil',1,'ready',62),(8279,'1','Ruhe','Fenster','Tisch',0,'maintenance',6),(8280,'1','Ruhe','Fenster','Grossraum',0,'disabled',48),(8281,'2','Handy','Fenster','Abteil',0,'disabled',19),(8282,'2','Handy','Fenster','Tisch',0,'ready',84),(8283,'1','Ruhe','Fenster','Tisch',0,'ready',20),(8284,'2','Ruhe','Fenster','Grossraum',1,'ready',47),(8285,'2','Handy','Gang','Abteil',0,'ready',83),(8286,'1','Handy','Gang','Abteil',1,'maintenance',14),(8287,'2','Ruhe','Gang','Abteil',0,'broken',22),(8288,'2','Handy','Gang','Grossraum',0,'ready',62),(8289,'2','Handy','Fenster','Grossraum',0,'ready',70),(8290,'2','Handy','Fenster','Tisch',1,'broken',90),(8291,'2','Ruhe','Fenster','Tisch',0,'disabled',12),(8292,'1','Handy','Gang','Grossraum',0,'maintenance',53),(8293,'2','Ruhe','Fenster','Grossraum',0,'ready',12),(8294,'1','Ruhe','Fenster','Abteil',0,'ready',45),(8295,'2','Ruhe','Gang','Tisch',0,'ready',14),(8296,'1','Handy','Fenster','Abteil',0,'ready',74),(8297,'2','Handy','Fenster','Abteil',0,'ready',62),(8298,'1','Handy','Fenster','Tisch',0,'ready',68),(8299,'1','Ruhe','Fenster','Tisch',0,'ready',65),(8300,'2','Ruhe','Fenster','Grossraum',0,'ready',6);
INSERT INTO `seat` VALUES (8301,'2','Ruhe','Gang','Tisch',1,'disabled',84),(8302,'1','Ruhe','Fenster','Abteil',0,'ready',22),(8303,'2','Ruhe','Fenster','Tisch',0,'disabled',56),(8304,'2','Ruhe','Gang','Tisch',0,'ready',41),(8305,'2','Handy','Fenster','Abteil',1,'broken',40),(8306,'1','Ruhe','Gang','Abteil',0,'ready',26),(8307,'1','Handy','Fenster','Grossraum',0,'ready',9),(8308,'2','Ruhe','Fenster','Tisch',0,'maintenance',50),(8309,'1','Handy','Fenster','Grossraum',1,'ready',72),(8310,'1','Ruhe','Gang','Grossraum',0,'ready',33),(8311,'2','Handy','Fenster','Abteil',1,'ready',42),(8312,'2','Ruhe','Fenster','Abteil',1,'maintenance',50),(8313,'2','Handy','Gang','Grossraum',1,'maintenance',52),(8314,'1','Handy','Gang','Abteil',0,'ready',75),(8315,'1','Handy','Gang','Abteil',0,'ready',18),(8316,'1','Handy','Gang','Grossraum',0,'ready',75),(8317,'1','Handy','Gang','Tisch',1,'ready',43),(8318,'2','Ruhe','Fenster','Grossraum',0,'ready',28),(8319,'2','Handy','Fenster','Grossraum',0,'ready',13),(8320,'2','Ruhe','Gang','Tisch',1,'ready',80),(8321,'1','Ruhe','Gang','Grossraum',0,'ready',62),(8322,'1','Ruhe','Fenster','Abteil',0,'ready',31),(8323,'2','Ruhe','Gang','Tisch',1,'ready',62),(8324,'2','Handy','Fenster','Grossraum',0,'disabled',14),(8325,'1','Handy','Fenster','Tisch',0,'ready',59),(8326,'2','Ruhe','Fenster','Abteil',0,'ready',37),(8327,'1','Handy','Fenster','Tisch',0,'ready',90),(8328,'2','Handy','Fenster','Grossraum',1,'ready',3),(8329,'1','Handy','Fenster','Grossraum',0,'ready',39),(8330,'1','Handy','Gang','Grossraum',0,'ready',24),(8331,'1','Handy','Fenster','Abteil',0,'maintenance',22),(8332,'2','Handy','Fenster','Grossraum',0,'disabled',27),(8333,'1','Ruhe','Gang','Abteil',1,'maintenance',74),(8334,'1','Handy','Gang','Tisch',0,'ready',32),(8335,'1','Handy','Fenster','Grossraum',0,'ready',76),(8336,'1','Ruhe','Fenster','Tisch',1,'disabled',43),(8337,'2','Handy','Fenster','Abteil',0,'ready',44),(8338,'2','Handy','Fenster','Tisch',0,'ready',85),(8339,'1','Handy','Gang','Grossraum',0,'disabled',42),(8340,'2','Ruhe','Fenster','Abteil',0,'broken',6),(8341,'2','Handy','Gang','Abteil',0,'ready',45),(8342,'1','Handy','Fenster','Grossraum',0,'ready',77),(8343,'1','Ruhe','Fenster','Grossraum',0,'maintenance',61),(8344,'2','Handy','Fenster','Abteil',0,'ready',33),(8345,'1','Ruhe','Gang','Grossraum',0,'disabled',19),(8346,'2','Handy','Gang','Abteil',1,'broken',48),(8347,'1','Handy','Fenster','Grossraum',1,'disabled',59),(8348,'1','Ruhe','Fenster','Tisch',0,'ready',73),(8349,'2','Handy','Gang','Abteil',0,'broken',11),(8350,'2','Ruhe','Gang','Abteil',0,'ready',84);
INSERT INTO `seat` VALUES (8351,'1','Handy','Fenster','Tisch',0,'ready',43),(8352,'1','Ruhe','Fenster','Tisch',0,'ready',9),(8353,'1','Ruhe','Fenster','Grossraum',0,'ready',42),(8354,'2','Handy','Gang','Tisch',1,'ready',14),(8355,'1','Handy','Gang','Abteil',1,'ready',64),(8356,'2','Handy','Gang','Tisch',1,'ready',57),(8357,'2','Ruhe','Fenster','Tisch',0,'ready',52),(8358,'2','Handy','Gang','Abteil',0,'ready',53),(8359,'1','Ruhe','Gang','Abteil',1,'ready',44),(8360,'2','Ruhe','Gang','Grossraum',0,'ready',53),(8361,'1','Handy','Gang','Grossraum',0,'ready',23),(8362,'1','Handy','Fenster','Grossraum',0,'maintenance',88),(8363,'1','Handy','Gang','Grossraum',0,'broken',52),(8364,'2','Handy','Gang','Tisch',0,'ready',86),(8365,'2','Handy','Fenster','Grossraum',0,'ready',58),(8366,'2','Ruhe','Fenster','Abteil',0,'ready',47),(8367,'2','Ruhe','Gang','Grossraum',0,'disabled',46),(8368,'1','Ruhe','Fenster','Tisch',1,'ready',51),(8369,'1','Handy','Gang','Abteil',1,'ready',31),(8370,'2','Handy','Fenster','Abteil',0,'ready',42),(8371,'1','Ruhe','Fenster','Grossraum',0,'disabled',11),(8372,'2','Handy','Gang','Grossraum',0,'ready',62),(8373,'2','Handy','Gang','Abteil',1,'ready',5),(8374,'2','Ruhe','Gang','Tisch',0,'ready',87),(8375,'2','Ruhe','Gang','Tisch',0,'ready',44),(8376,'1','Ruhe','Gang','Grossraum',0,'ready',1),(8377,'2','Handy','Gang','Tisch',0,'broken',46),(8378,'1','Handy','Fenster','Grossraum',0,'ready',11),(8379,'2','Handy','Fenster','Abteil',0,'ready',57),(8380,'2','Handy','Fenster','Grossraum',0,'ready',23),(8381,'2','Handy','Fenster','Tisch',0,'ready',13),(8382,'2','Ruhe','Fenster','Abteil',0,'ready',15),(8383,'2','Handy','Gang','Grossraum',0,'ready',3),(8384,'2','Ruhe','Gang','Tisch',0,'broken',89),(8385,'2','Handy','Gang','Grossraum',0,'ready',18),(8386,'2','Handy','Fenster','Grossraum',0,'maintenance',75),(8387,'2','Handy','Gang','Grossraum',0,'ready',18),(8388,'1','Handy','Gang','Abteil',1,'ready',2),(8389,'1','Handy','Fenster','Tisch',0,'ready',12),(8390,'1','Handy','Gang','Tisch',0,'ready',24),(8391,'2','Ruhe','Fenster','Tisch',0,'ready',26),(8392,'2','Handy','Gang','Grossraum',0,'ready',15),(8393,'2','Ruhe','Gang','Grossraum',0,'ready',28),(8394,'1','Handy','Gang','Tisch',1,'ready',83),(8395,'1','Handy','Gang','Abteil',0,'ready',55),(8396,'2','Handy','Gang','Tisch',0,'ready',84),(8397,'1','Ruhe','Gang','Abteil',0,'ready',90),(8398,'1','Ruhe','Fenster','Grossraum',0,'ready',82),(8399,'1','Ruhe','Fenster','Abteil',0,'maintenance',70),(8400,'1','Handy','Gang','Tisch',1,'broken',39);
INSERT INTO `seat` VALUES (8401,'2','Ruhe','Gang','Grossraum',1,'ready',10),(8402,'2','Ruhe','Fenster','Tisch',0,'ready',68),(8403,'1','Handy','Gang','Abteil',1,'ready',21),(8404,'2','Handy','Gang','Abteil',0,'ready',42),(8405,'2','Ruhe','Gang','Abteil',0,'maintenance',40),(8406,'1','Handy','Gang','Abteil',1,'ready',5),(8407,'1','Handy','Gang','Grossraum',1,'disabled',1),(8408,'2','Ruhe','Fenster','Tisch',0,'ready',89),(8409,'2','Handy','Gang','Tisch',0,'ready',39),(8410,'1','Handy','Fenster','Grossraum',0,'disabled',36),(8411,'2','Ruhe','Fenster','Abteil',0,'ready',73),(8412,'1','Ruhe','Fenster','Tisch',0,'ready',3),(8413,'1','Handy','Fenster','Tisch',1,'ready',64),(8414,'2','Ruhe','Gang','Grossraum',0,'ready',63),(8415,'1','Ruhe','Fenster','Abteil',0,'ready',54),(8416,'2','Handy','Fenster','Tisch',0,'ready',5),(8417,'1','Handy','Fenster','Tisch',1,'ready',50),(8418,'2','Ruhe','Gang','Abteil',1,'broken',24),(8419,'2','Handy','Gang','Grossraum',0,'disabled',50),(8420,'2','Ruhe','Fenster','Grossraum',0,'ready',75),(8421,'1','Handy','Fenster','Grossraum',1,'ready',34),(8422,'1','Ruhe','Gang','Grossraum',1,'ready',80),(8423,'1','Ruhe','Gang','Grossraum',0,'ready',18),(8424,'1','Handy','Gang','Tisch',0,'ready',58),(8425,'1','Ruhe','Gang','Tisch',1,'ready',37),(8426,'2','Ruhe','Gang','Grossraum',0,'ready',40),(8427,'2','Handy','Gang','Grossraum',0,'ready',11),(8428,'2','Handy','Gang','Abteil',0,'ready',51),(8429,'2','Handy','Fenster','Abteil',0,'ready',28),(8430,'2','Handy','Gang','Tisch',0,'ready',7),(8431,'2','Handy','Gang','Grossraum',0,'ready',56),(8432,'2','Handy','Fenster','Abteil',0,'ready',78),(8433,'1','Handy','Gang','Grossraum',0,'maintenance',17),(8434,'2','Handy','Gang','Grossraum',1,'maintenance',26),(8435,'2','Handy','Gang','Abteil',0,'disabled',19),(8436,'1','Ruhe','Fenster','Abteil',0,'maintenance',21),(8437,'2','Handy','Gang','Grossraum',0,'ready',63),(8438,'2','Handy','Fenster','Abteil',0,'ready',1),(8439,'1','Ruhe','Gang','Grossraum',0,'ready',79),(8440,'2','Handy','Gang','Grossraum',1,'ready',32),(8441,'2','Handy','Gang','Tisch',0,'ready',67),(8442,'1','Ruhe','Fenster','Tisch',0,'ready',38),(8443,'1','Handy','Gang','Grossraum',0,'ready',64),(8444,'1','Ruhe','Fenster','Abteil',0,'broken',10),(8445,'2','Ruhe','Gang','Tisch',0,'ready',27),(8446,'2','Ruhe','Gang','Tisch',0,'ready',55),(8447,'2','Ruhe','Fenster','Grossraum',0,'disabled',32),(8448,'2','Handy','Fenster','Grossraum',0,'ready',51),(8449,'2','Handy','Fenster','Tisch',0,'ready',57),(8450,'1','Ruhe','Fenster','Grossraum',0,'ready',37);
INSERT INTO `seat` VALUES (8451,'2','Ruhe','Gang','Abteil',0,'ready',14),(8452,'2','Handy','Gang','Tisch',1,'ready',26),(8453,'2','Ruhe','Fenster','Grossraum',0,'maintenance',2),(8454,'1','Handy','Fenster','Abteil',0,'ready',7),(8455,'1','Handy','Fenster','Grossraum',1,'ready',43),(8456,'2','Handy','Gang','Grossraum',1,'broken',74),(8457,'1','Handy','Fenster','Grossraum',1,'ready',7),(8458,'1','Handy','Gang','Abteil',0,'ready',77),(8459,'1','Handy','Gang','Abteil',0,'ready',3),(8460,'1','Ruhe','Gang','Abteil',0,'ready',21),(8461,'1','Ruhe','Gang','Tisch',0,'ready',88),(8462,'2','Handy','Gang','Grossraum',1,'ready',43),(8463,'2','Ruhe','Fenster','Grossraum',1,'ready',1),(8464,'1','Ruhe','Fenster','Tisch',0,'ready',18),(8465,'2','Handy','Fenster','Grossraum',0,'ready',39),(8466,'1','Ruhe','Gang','Tisch',1,'ready',17),(8467,'2','Ruhe','Fenster','Tisch',0,'ready',75),(8468,'1','Ruhe','Gang','Grossraum',0,'ready',64),(8469,'2','Ruhe','Gang','Abteil',0,'ready',62),(8470,'1','Ruhe','Fenster','Tisch',0,'ready',67),(8471,'2','Ruhe','Gang','Tisch',0,'disabled',72),(8472,'1','Handy','Fenster','Abteil',0,'ready',40),(8473,'1','Handy','Fenster','Abteil',0,'ready',58),(8474,'1','Handy','Gang','Grossraum',0,'ready',43),(8475,'1','Ruhe','Fenster','Grossraum',1,'ready',84),(8476,'1','Handy','Fenster','Abteil',0,'disabled',11),(8477,'1','Handy','Fenster','Abteil',1,'ready',89),(8478,'2','Ruhe','Fenster','Abteil',0,'ready',60),(8479,'2','Handy','Gang','Tisch',1,'ready',85),(8480,'2','Ruhe','Gang','Abteil',0,'ready',30),(8481,'2','Handy','Gang','Grossraum',0,'ready',87),(8482,'1','Handy','Fenster','Abteil',0,'maintenance',39),(8483,'1','Ruhe','Gang','Abteil',1,'broken',56),(8484,'2','Handy','Fenster','Abteil',0,'ready',51),(8485,'2','Handy','Fenster','Abteil',1,'maintenance',82),(8486,'2','Ruhe','Gang','Grossraum',1,'ready',6),(8487,'1','Handy','Gang','Grossraum',0,'ready',22),(8488,'2','Ruhe','Fenster','Grossraum',0,'ready',80),(8489,'2','Ruhe','Gang','Grossraum',0,'ready',84),(8490,'1','Handy','Gang','Grossraum',0,'ready',54),(8491,'2','Ruhe','Fenster','Grossraum',1,'ready',43),(8492,'1','Handy','Gang','Abteil',0,'ready',76),(8493,'1','Ruhe','Gang','Abteil',1,'ready',9),(8494,'1','Ruhe','Fenster','Grossraum',0,'ready',30),(8495,'1','Ruhe','Fenster','Grossraum',0,'ready',54),(8496,'1','Ruhe','Gang','Abteil',0,'broken',44),(8497,'2','Handy','Gang','Abteil',1,'ready',66),(8498,'1','Ruhe','Gang','Grossraum',0,'ready',14),(8499,'2','Handy','Fenster','Abteil',0,'broken',12),(8500,'2','Ruhe','Gang','Abteil',0,'ready',36);
INSERT INTO `seat` VALUES (8501,'2','Handy','Gang','Tisch',0,'ready',28),(8502,'1','Ruhe','Fenster','Abteil',0,'ready',63),(8503,'2','Handy','Gang','Abteil',0,'ready',88),(8504,'1','Handy','Gang','Abteil',0,'ready',48),(8505,'1','Handy','Fenster','Grossraum',1,'ready',19),(8506,'2','Ruhe','Gang','Grossraum',1,'ready',79),(8507,'1','Handy','Gang','Grossraum',0,'ready',2),(8508,'2','Ruhe','Fenster','Abteil',0,'ready',42),(8509,'2','Handy','Fenster','Tisch',0,'ready',41),(8510,'2','Ruhe','Gang','Grossraum',0,'ready',40),(8511,'2','Handy','Fenster','Tisch',0,'ready',21),(8512,'2','Ruhe','Fenster','Abteil',1,'ready',73),(8513,'1','Ruhe','Fenster','Tisch',0,'ready',5),(8514,'1','Ruhe','Fenster','Grossraum',0,'ready',49),(8515,'2','Ruhe','Gang','Grossraum',0,'ready',78),(8516,'1','Handy','Fenster','Tisch',0,'broken',89),(8517,'1','Handy','Gang','Abteil',1,'ready',13),(8518,'1','Ruhe','Gang','Grossraum',0,'broken',15),(8519,'1','Ruhe','Gang','Tisch',1,'ready',29),(8520,'2','Handy','Gang','Tisch',0,'ready',63),(8521,'1','Handy','Gang','Abteil',0,'ready',38),(8522,'1','Handy','Gang','Abteil',0,'ready',21),(8523,'2','Handy','Gang','Tisch',1,'ready',72),(8524,'2','Handy','Fenster','Grossraum',1,'ready',13),(8525,'1','Ruhe','Gang','Tisch',0,'disabled',85),(8526,'1','Ruhe','Fenster','Tisch',0,'ready',18),(8527,'1','Handy','Gang','Tisch',0,'ready',15),(8528,'2','Handy','Gang','Tisch',0,'disabled',77),(8529,'2','Handy','Gang','Tisch',1,'disabled',56),(8530,'1','Handy','Fenster','Grossraum',0,'ready',14),(8531,'1','Ruhe','Gang','Abteil',0,'ready',83),(8532,'1','Handy','Fenster','Tisch',0,'ready',47),(8533,'1','Handy','Gang','Abteil',0,'broken',55),(8534,'2','Ruhe','Gang','Grossraum',0,'ready',68),(8535,'1','Handy','Fenster','Abteil',0,'ready',12),(8536,'1','Handy','Fenster','Tisch',0,'ready',71),(8537,'1','Ruhe','Fenster','Tisch',0,'ready',11),(8538,'1','Handy','Fenster','Abteil',1,'broken',84),(8539,'1','Handy','Fenster','Grossraum',0,'maintenance',44),(8540,'1','Ruhe','Gang','Grossraum',0,'ready',83),(8541,'2','Handy','Gang','Abteil',1,'ready',79),(8542,'2','Handy','Gang','Abteil',0,'broken',57),(8543,'2','Handy','Gang','Tisch',0,'ready',51),(8544,'2','Handy','Fenster','Abteil',0,'ready',19),(8545,'2','Handy','Gang','Abteil',0,'maintenance',7),(8546,'2','Ruhe','Gang','Grossraum',0,'ready',51),(8547,'1','Handy','Gang','Abteil',1,'ready',84),(8548,'1','Handy','Gang','Tisch',0,'ready',23),(8549,'1','Ruhe','Gang','Grossraum',1,'broken',53),(8550,'1','Handy','Fenster','Tisch',0,'maintenance',24);
INSERT INTO `seat` VALUES (8551,'1','Ruhe','Gang','Abteil',0,'ready',4),(8552,'1','Handy','Fenster','Tisch',1,'disabled',72),(8553,'1','Handy','Gang','Abteil',0,'ready',71),(8554,'2','Ruhe','Gang','Abteil',1,'disabled',9),(8555,'1','Handy','Gang','Tisch',0,'ready',31),(8556,'1','Ruhe','Gang','Abteil',1,'ready',45),(8557,'1','Handy','Fenster','Tisch',0,'ready',34),(8558,'1','Ruhe','Gang','Tisch',0,'ready',14),(8559,'1','Handy','Gang','Abteil',0,'ready',87),(8560,'1','Handy','Gang','Tisch',0,'ready',50),(8561,'1','Ruhe','Fenster','Grossraum',0,'ready',77),(8562,'1','Ruhe','Fenster','Grossraum',0,'disabled',26),(8563,'2','Ruhe','Fenster','Tisch',0,'disabled',39),(8564,'2','Ruhe','Gang','Grossraum',0,'ready',21),(8565,'1','Ruhe','Fenster','Abteil',0,'maintenance',43),(8566,'1','Ruhe','Gang','Tisch',1,'disabled',67),(8567,'2','Ruhe','Gang','Abteil',0,'ready',48),(8568,'2','Ruhe','Gang','Grossraum',0,'ready',70),(8569,'2','Ruhe','Fenster','Grossraum',0,'ready',62),(8570,'2','Ruhe','Fenster','Abteil',1,'broken',24),(8571,'2','Ruhe','Gang','Tisch',0,'ready',36),(8572,'2','Handy','Fenster','Tisch',0,'disabled',26),(8573,'2','Handy','Fenster','Tisch',0,'ready',87),(8574,'1','Ruhe','Fenster','Grossraum',0,'ready',60),(8575,'1','Handy','Gang','Abteil',0,'maintenance',64),(8576,'2','Handy','Gang','Grossraum',0,'ready',49),(8577,'2','Ruhe','Gang','Grossraum',0,'ready',18),(8578,'1','Ruhe','Gang','Tisch',0,'maintenance',45),(8579,'2','Ruhe','Gang','Tisch',0,'ready',12),(8580,'2','Ruhe','Gang','Grossraum',1,'ready',79),(8581,'1','Ruhe','Gang','Tisch',0,'disabled',7),(8582,'2','Ruhe','Gang','Tisch',0,'ready',67),(8583,'1','Handy','Gang','Tisch',0,'broken',25),(8584,'2','Handy','Gang','Abteil',0,'maintenance',72),(8585,'2','Handy','Fenster','Abteil',0,'ready',49),(8586,'2','Ruhe','Fenster','Abteil',0,'ready',50),(8587,'1','Handy','Fenster','Abteil',0,'ready',86),(8588,'1','Ruhe','Fenster','Grossraum',1,'ready',79),(8589,'1','Ruhe','Gang','Tisch',0,'ready',12),(8590,'2','Ruhe','Fenster','Grossraum',0,'disabled',60),(8591,'2','Ruhe','Gang','Tisch',0,'maintenance',85),(8592,'2','Handy','Gang','Grossraum',0,'ready',62),(8593,'1','Handy','Fenster','Abteil',0,'ready',10),(8594,'2','Ruhe','Fenster','Abteil',1,'disabled',51),(8595,'2','Ruhe','Gang','Tisch',0,'ready',62),(8596,'2','Ruhe','Gang','Tisch',0,'ready',33),(8597,'2','Handy','Fenster','Grossraum',0,'ready',5),(8598,'2','Handy','Gang','Grossraum',1,'ready',48),(8599,'1','Ruhe','Fenster','Abteil',1,'maintenance',58),(8600,'1','Handy','Fenster','Tisch',0,'ready',46);
INSERT INTO `seat` VALUES (8601,'1','Handy','Fenster','Tisch',1,'ready',9),(8602,'2','Handy','Gang','Tisch',0,'ready',84),(8603,'2','Handy','Gang','Tisch',0,'ready',10),(8604,'2','Handy','Gang','Grossraum',0,'disabled',76),(8605,'1','Ruhe','Fenster','Grossraum',0,'maintenance',25),(8606,'2','Ruhe','Fenster','Tisch',0,'disabled',19),(8607,'2','Handy','Gang','Tisch',0,'ready',14),(8608,'1','Handy','Gang','Abteil',0,'ready',18),(8609,'2','Handy','Gang','Grossraum',1,'ready',63),(8610,'1','Handy','Fenster','Grossraum',0,'ready',30),(8611,'1','Ruhe','Gang','Tisch',0,'ready',41),(8612,'1','Ruhe','Fenster','Grossraum',0,'ready',70),(8613,'1','Ruhe','Gang','Abteil',0,'ready',75),(8614,'2','Ruhe','Fenster','Abteil',0,'ready',38),(8615,'2','Ruhe','Fenster','Grossraum',0,'ready',23),(8616,'1','Ruhe','Gang','Abteil',0,'broken',69),(8617,'1','Ruhe','Fenster','Abteil',0,'ready',15),(8618,'1','Ruhe','Gang','Grossraum',0,'ready',5),(8619,'1','Ruhe','Gang','Abteil',0,'ready',3),(8620,'2','Ruhe','Gang','Abteil',1,'maintenance',48),(8621,'1','Ruhe','Gang','Grossraum',0,'ready',81),(8622,'2','Handy','Gang','Grossraum',0,'ready',68),(8623,'1','Ruhe','Fenster','Grossraum',0,'ready',62),(8624,'2','Ruhe','Fenster','Tisch',0,'ready',63),(8625,'2','Ruhe','Gang','Grossraum',0,'ready',29),(8626,'2','Handy','Fenster','Abteil',1,'ready',79),(8627,'1','Ruhe','Fenster','Tisch',0,'ready',17),(8628,'1','Handy','Gang','Grossraum',0,'ready',28),(8629,'1','Handy','Fenster','Grossraum',0,'ready',85),(8630,'1','Ruhe','Fenster','Abteil',1,'disabled',41),(8631,'2','Handy','Gang','Tisch',1,'ready',84),(8632,'2','Ruhe','Fenster','Grossraum',0,'maintenance',72),(8633,'1','Handy','Gang','Abteil',1,'ready',30),(8634,'1','Handy','Gang','Tisch',0,'ready',12),(8635,'1','Handy','Fenster','Grossraum',0,'ready',59),(8636,'2','Ruhe','Gang','Grossraum',1,'ready',60),(8637,'1','Ruhe','Fenster','Tisch',0,'ready',89),(8638,'1','Ruhe','Gang','Tisch',1,'ready',30),(8639,'1','Ruhe','Fenster','Grossraum',0,'broken',57),(8640,'2','Handy','Gang','Tisch',0,'ready',3),(8641,'1','Handy','Fenster','Grossraum',0,'ready',52),(8642,'1','Handy','Fenster','Abteil',0,'ready',79),(8643,'1','Ruhe','Gang','Grossraum',0,'ready',54),(8644,'1','Ruhe','Gang','Abteil',1,'ready',21),(8645,'1','Ruhe','Fenster','Tisch',0,'ready',1),(8646,'1','Ruhe','Fenster','Tisch',1,'ready',88),(8647,'1','Ruhe','Fenster','Tisch',1,'ready',69),(8648,'2','Ruhe','Gang','Abteil',1,'disabled',20),(8649,'2','Ruhe','Gang','Abteil',0,'ready',78),(8650,'2','Handy','Gang','Grossraum',1,'ready',75);
INSERT INTO `seat` VALUES (8651,'1','Handy','Gang','Grossraum',0,'ready',54),(8652,'2','Ruhe','Fenster','Tisch',0,'disabled',57),(8653,'2','Handy','Fenster','Abteil',1,'maintenance',31),(8654,'1','Ruhe','Fenster','Tisch',1,'disabled',88),(8655,'1','Handy','Gang','Tisch',0,'ready',44),(8656,'2','Handy','Gang','Abteil',0,'ready',66),(8657,'1','Ruhe','Fenster','Grossraum',0,'ready',21),(8658,'1','Ruhe','Gang','Tisch',1,'ready',61),(8659,'2','Ruhe','Gang','Grossraum',0,'disabled',55),(8660,'2','Handy','Fenster','Tisch',1,'ready',62),(8661,'1','Ruhe','Gang','Tisch',1,'ready',32),(8662,'2','Ruhe','Gang','Grossraum',1,'ready',87),(8663,'2','Ruhe','Gang','Grossraum',0,'ready',51),(8664,'2','Ruhe','Gang','Grossraum',0,'ready',31),(8665,'1','Ruhe','Gang','Tisch',0,'ready',52),(8666,'1','Ruhe','Gang','Tisch',0,'disabled',41),(8667,'2','Handy','Gang','Grossraum',0,'ready',41),(8668,'1','Ruhe','Gang','Grossraum',1,'ready',73),(8669,'2','Ruhe','Gang','Grossraum',0,'maintenance',77),(8670,'1','Ruhe','Fenster','Grossraum',1,'ready',21),(8671,'1','Ruhe','Fenster','Tisch',1,'ready',53),(8672,'1','Ruhe','Gang','Tisch',0,'ready',17),(8673,'2','Ruhe','Gang','Abteil',1,'broken',69),(8674,'1','Ruhe','Gang','Tisch',0,'ready',90),(8675,'2','Handy','Fenster','Grossraum',1,'ready',31),(8676,'2','Ruhe','Fenster','Abteil',0,'ready',46),(8677,'1','Ruhe','Gang','Grossraum',0,'ready',61),(8678,'2','Ruhe','Fenster','Abteil',0,'ready',38),(8679,'1','Handy','Gang','Grossraum',0,'ready',67),(8680,'2','Ruhe','Gang','Abteil',0,'ready',65),(8681,'2','Handy','Fenster','Abteil',1,'disabled',69),(8682,'2','Handy','Fenster','Abteil',0,'ready',2),(8683,'1','Ruhe','Fenster','Grossraum',0,'ready',22),(8684,'1','Ruhe','Gang','Grossraum',0,'ready',54),(8685,'1','Handy','Fenster','Abteil',0,'maintenance',10),(8686,'1','Handy','Fenster','Grossraum',0,'broken',83),(8687,'1','Ruhe','Gang','Grossraum',1,'ready',67),(8688,'1','Handy','Fenster','Tisch',0,'ready',45),(8689,'2','Handy','Fenster','Abteil',1,'ready',41),(8690,'2','Ruhe','Gang','Grossraum',0,'ready',15),(8691,'2','Handy','Gang','Tisch',0,'ready',5),(8692,'1','Ruhe','Fenster','Abteil',0,'ready',38),(8693,'2','Ruhe','Gang','Tisch',1,'ready',4),(8694,'1','Handy','Fenster','Tisch',0,'broken',69),(8695,'2','Ruhe','Fenster','Grossraum',0,'ready',63),(8696,'1','Handy','Fenster','Abteil',0,'ready',36),(8697,'1','Handy','Fenster','Grossraum',1,'ready',64),(8698,'1','Handy','Fenster','Tisch',1,'ready',4),(8699,'1','Ruhe','Fenster','Grossraum',0,'ready',54),(8700,'2','Ruhe','Gang','Tisch',0,'ready',43);
INSERT INTO `seat` VALUES (8701,'2','Ruhe','Fenster','Tisch',1,'ready',65),(8702,'2','Ruhe','Gang','Abteil',0,'broken',18),(8703,'1','Ruhe','Gang','Abteil',0,'maintenance',67),(8704,'2','Ruhe','Gang','Grossraum',0,'ready',60),(8705,'2','Handy','Gang','Tisch',1,'ready',60),(8706,'2','Ruhe','Gang','Tisch',0,'disabled',78),(8707,'1','Ruhe','Fenster','Tisch',0,'ready',24),(8708,'1','Ruhe','Fenster','Abteil',0,'ready',18),(8709,'1','Ruhe','Fenster','Tisch',0,'ready',81),(8710,'2','Handy','Gang','Tisch',0,'ready',16),(8711,'1','Ruhe','Gang','Tisch',0,'ready',21),(8712,'2','Handy','Gang','Grossraum',0,'disabled',5),(8713,'1','Handy','Fenster','Abteil',0,'ready',51),(8714,'1','Handy','Gang','Abteil',1,'ready',38),(8715,'2','Handy','Gang','Grossraum',0,'ready',56),(8716,'1','Ruhe','Gang','Tisch',0,'maintenance',36),(8717,'2','Ruhe','Fenster','Abteil',0,'ready',4),(8718,'2','Handy','Fenster','Tisch',1,'ready',90),(8719,'2','Ruhe','Gang','Tisch',0,'broken',1),(8720,'2','Handy','Gang','Grossraum',1,'ready',22),(8721,'2','Ruhe','Gang','Abteil',1,'ready',86),(8722,'1','Handy','Fenster','Tisch',0,'disabled',9),(8723,'1','Ruhe','Gang','Grossraum',0,'ready',65),(8724,'1','Handy','Gang','Tisch',0,'broken',42),(8725,'1','Handy','Fenster','Abteil',0,'disabled',70),(8726,'2','Ruhe','Gang','Grossraum',1,'ready',56),(8727,'2','Ruhe','Gang','Grossraum',0,'ready',26),(8728,'1','Ruhe','Gang','Grossraum',0,'ready',14),(8729,'2','Ruhe','Fenster','Abteil',0,'ready',32),(8730,'2','Handy','Fenster','Grossraum',0,'ready',37),(8731,'1','Ruhe','Fenster','Abteil',0,'ready',32),(8732,'1','Handy','Fenster','Tisch',0,'broken',71),(8733,'2','Ruhe','Fenster','Tisch',0,'disabled',27),(8734,'2','Handy','Fenster','Tisch',1,'ready',54),(8735,'2','Handy','Gang','Abteil',0,'ready',2),(8736,'2','Ruhe','Gang','Grossraum',0,'ready',8),(8737,'1','Ruhe','Fenster','Grossraum',0,'ready',49),(8738,'1','Ruhe','Fenster','Abteil',0,'maintenance',24),(8739,'2','Ruhe','Gang','Abteil',0,'ready',3),(8740,'1','Ruhe','Gang','Abteil',0,'maintenance',18),(8741,'1','Ruhe','Gang','Grossraum',0,'ready',35),(8742,'2','Ruhe','Fenster','Tisch',0,'ready',60),(8743,'1','Handy','Gang','Tisch',0,'broken',55),(8744,'1','Ruhe','Gang','Abteil',0,'ready',87),(8745,'1','Handy','Gang','Abteil',0,'maintenance',80),(8746,'1','Handy','Gang','Abteil',1,'ready',87),(8747,'2','Ruhe','Gang','Grossraum',0,'ready',88),(8748,'2','Handy','Fenster','Abteil',0,'ready',49),(8749,'1','Handy','Fenster','Abteil',0,'ready',10),(8750,'1','Ruhe','Gang','Abteil',0,'ready',31);
INSERT INTO `seat` VALUES (8751,'1','Handy','Gang','Grossraum',1,'ready',35),(8752,'2','Ruhe','Fenster','Grossraum',0,'ready',66),(8753,'2','Handy','Fenster','Abteil',1,'ready',58),(8754,'1','Ruhe','Fenster','Grossraum',1,'ready',54),(8755,'2','Ruhe','Gang','Tisch',0,'ready',81),(8756,'2','Ruhe','Gang','Tisch',0,'ready',63),(8757,'1','Ruhe','Gang','Abteil',0,'ready',65),(8758,'2','Handy','Gang','Grossraum',0,'ready',81),(8759,'1','Handy','Gang','Tisch',1,'ready',4),(8760,'2','Handy','Gang','Tisch',0,'broken',9),(8761,'2','Handy','Gang','Tisch',0,'disabled',15),(8762,'1','Ruhe','Gang','Tisch',0,'ready',21),(8763,'1','Ruhe','Fenster','Grossraum',0,'ready',50),(8764,'1','Ruhe','Fenster','Grossraum',0,'broken',84),(8765,'2','Handy','Fenster','Tisch',0,'ready',52),(8766,'2','Handy','Fenster','Tisch',0,'ready',2),(8767,'2','Handy','Gang','Abteil',0,'ready',19),(8768,'1','Handy','Gang','Grossraum',0,'disabled',3),(8769,'2','Ruhe','Fenster','Abteil',1,'maintenance',66),(8770,'1','Handy','Fenster','Tisch',0,'ready',53),(8771,'2','Handy','Gang','Abteil',0,'disabled',48),(8772,'2','Ruhe','Fenster','Abteil',0,'ready',78),(8773,'2','Ruhe','Gang','Abteil',0,'ready',68),(8774,'1','Ruhe','Gang','Tisch',0,'ready',68),(8775,'2','Handy','Fenster','Tisch',0,'maintenance',48),(8776,'2','Handy','Fenster','Grossraum',1,'ready',65),(8777,'2','Ruhe','Gang','Grossraum',0,'ready',73),(8778,'1','Ruhe','Gang','Abteil',0,'ready',50),(8779,'2','Ruhe','Fenster','Grossraum',0,'ready',49),(8780,'2','Handy','Fenster','Tisch',0,'ready',73),(8781,'1','Ruhe','Gang','Abteil',0,'ready',72),(8782,'1','Handy','Gang','Grossraum',0,'disabled',27),(8783,'2','Ruhe','Gang','Abteil',0,'ready',4),(8784,'1','Ruhe','Gang','Grossraum',1,'ready',90),(8785,'1','Handy','Fenster','Grossraum',1,'ready',2),(8786,'1','Handy','Gang','Tisch',0,'ready',82),(8787,'1','Handy','Fenster','Grossraum',0,'ready',52),(8788,'2','Handy','Fenster','Abteil',0,'ready',2),(8789,'1','Ruhe','Gang','Tisch',0,'ready',13),(8790,'2','Handy','Fenster','Tisch',0,'ready',77),(8791,'1','Ruhe','Gang','Tisch',0,'ready',77),(8792,'2','Handy','Fenster','Tisch',0,'disabled',16),(8793,'1','Ruhe','Gang','Tisch',0,'ready',65),(8794,'1','Ruhe','Gang','Abteil',0,'ready',3),(8795,'1','Ruhe','Gang','Abteil',0,'disabled',83),(8796,'2','Handy','Fenster','Abteil',1,'ready',18),(8797,'1','Ruhe','Gang','Abteil',0,'broken',21),(8798,'1','Ruhe','Gang','Abteil',0,'ready',30),(8799,'1','Handy','Fenster','Abteil',1,'ready',65),(8800,'1','Handy','Fenster','Abteil',0,'ready',33);
INSERT INTO `seat` VALUES (8801,'2','Handy','Gang','Tisch',0,'maintenance',64),(8802,'1','Handy','Gang','Tisch',0,'ready',53),(8803,'1','Ruhe','Gang','Grossraum',0,'ready',42),(8804,'1','Ruhe','Fenster','Tisch',1,'ready',50),(8805,'2','Ruhe','Gang','Tisch',1,'ready',9),(8806,'2','Ruhe','Fenster','Tisch',1,'ready',11),(8807,'1','Ruhe','Fenster','Tisch',1,'ready',17),(8808,'1','Handy','Fenster','Abteil',0,'ready',34),(8809,'1','Handy','Gang','Grossraum',0,'maintenance',9),(8810,'1','Ruhe','Gang','Grossraum',0,'ready',45),(8811,'2','Handy','Fenster','Grossraum',1,'ready',19),(8812,'1','Ruhe','Gang','Tisch',1,'ready',12),(8813,'2','Ruhe','Fenster','Grossraum',0,'disabled',58),(8814,'1','Handy','Gang','Abteil',0,'ready',5),(8815,'2','Ruhe','Gang','Abteil',0,'ready',69),(8816,'1','Ruhe','Gang','Abteil',1,'maintenance',19),(8817,'2','Handy','Fenster','Grossraum',0,'broken',35),(8818,'2','Ruhe','Fenster','Grossraum',0,'ready',21),(8819,'2','Handy','Fenster','Abteil',0,'ready',56),(8820,'2','Ruhe','Gang','Grossraum',0,'maintenance',63),(8821,'2','Ruhe','Fenster','Abteil',0,'ready',78),(8822,'2','Handy','Fenster','Grossraum',1,'ready',54),(8823,'1','Handy','Gang','Abteil',0,'ready',25),(8824,'1','Handy','Fenster','Grossraum',1,'broken',23),(8825,'2','Handy','Gang','Grossraum',0,'ready',40),(8826,'2','Ruhe','Gang','Abteil',1,'ready',68),(8827,'1','Handy','Fenster','Abteil',0,'ready',58),(8828,'1','Ruhe','Fenster','Tisch',0,'disabled',27),(8829,'1','Handy','Gang','Tisch',0,'ready',4),(8830,'1','Handy','Fenster','Abteil',0,'ready',26),(8831,'1','Ruhe','Fenster','Grossraum',0,'maintenance',23),(8832,'1','Ruhe','Fenster','Tisch',0,'ready',24),(8833,'1','Handy','Fenster','Tisch',0,'ready',50),(8834,'1','Ruhe','Fenster','Tisch',0,'ready',82),(8835,'1','Ruhe','Fenster','Abteil',1,'ready',49),(8836,'2','Handy','Gang','Grossraum',0,'ready',81),(8837,'1','Handy','Fenster','Tisch',0,'ready',68),(8838,'1','Handy','Fenster','Grossraum',0,'ready',47),(8839,'2','Ruhe','Gang','Grossraum',0,'ready',41),(8840,'1','Ruhe','Fenster','Abteil',0,'ready',77),(8841,'2','Ruhe','Gang','Grossraum',0,'ready',73),(8842,'2','Ruhe','Gang','Abteil',1,'ready',8),(8843,'1','Handy','Gang','Abteil',1,'ready',70),(8844,'2','Handy','Fenster','Abteil',1,'disabled',29),(8845,'1','Ruhe','Fenster','Abteil',1,'ready',18),(8846,'1','Handy','Fenster','Tisch',0,'ready',81),(8847,'1','Ruhe','Gang','Tisch',1,'broken',76),(8848,'2','Handy','Gang','Abteil',1,'ready',56),(8849,'2','Handy','Gang','Abteil',0,'ready',76),(8850,'1','Ruhe','Fenster','Grossraum',0,'ready',83);
INSERT INTO `seat` VALUES (8851,'1','Ruhe','Fenster','Tisch',0,'ready',9),(8852,'1','Handy','Fenster','Grossraum',0,'ready',29),(8853,'1','Ruhe','Gang','Abteil',0,'ready',75),(8854,'2','Handy','Fenster','Grossraum',1,'ready',36),(8855,'1','Handy','Gang','Abteil',0,'ready',8),(8856,'1','Ruhe','Gang','Abteil',0,'ready',27),(8857,'2','Handy','Gang','Abteil',1,'ready',35),(8858,'2','Handy','Gang','Grossraum',0,'broken',63),(8859,'1','Ruhe','Fenster','Tisch',1,'ready',21),(8860,'2','Handy','Fenster','Grossraum',0,'ready',34),(8861,'1','Handy','Fenster','Tisch',0,'ready',82),(8862,'2','Handy','Gang','Grossraum',1,'ready',61),(8863,'1','Ruhe','Gang','Grossraum',1,'ready',24),(8864,'2','Handy','Gang','Tisch',0,'broken',44),(8865,'1','Ruhe','Fenster','Grossraum',0,'ready',26),(8866,'1','Ruhe','Fenster','Abteil',0,'ready',43),(8867,'2','Handy','Fenster','Tisch',0,'ready',58),(8868,'1','Ruhe','Fenster','Grossraum',0,'maintenance',77),(8869,'2','Ruhe','Gang','Abteil',1,'ready',57),(8870,'2','Ruhe','Gang','Tisch',0,'ready',56),(8871,'2','Handy','Fenster','Abteil',0,'ready',21),(8872,'1','Handy','Fenster','Grossraum',0,'ready',21),(8873,'1','Ruhe','Gang','Abteil',0,'ready',54),(8874,'1','Handy','Fenster','Abteil',0,'ready',31),(8875,'2','Ruhe','Fenster','Abteil',0,'ready',65),(8876,'1','Handy','Gang','Tisch',0,'ready',75),(8877,'1','Ruhe','Gang','Tisch',0,'maintenance',10),(8878,'2','Handy','Gang','Abteil',0,'ready',60),(8879,'2','Ruhe','Fenster','Abteil',0,'ready',69),(8880,'1','Ruhe','Gang','Grossraum',0,'ready',11),(8881,'1','Handy','Gang','Grossraum',1,'ready',58),(8882,'2','Handy','Fenster','Tisch',0,'disabled',33),(8883,'2','Ruhe','Fenster','Tisch',0,'ready',3),(8884,'1','Handy','Gang','Grossraum',0,'broken',11),(8885,'1','Ruhe','Gang','Abteil',1,'ready',32),(8886,'1','Ruhe','Fenster','Tisch',1,'ready',85),(8887,'2','Ruhe','Gang','Abteil',1,'ready',89),(8888,'2','Handy','Fenster','Abteil',0,'ready',21),(8889,'2','Handy','Gang','Grossraum',1,'ready',67),(8890,'1','Handy','Gang','Grossraum',0,'ready',26),(8891,'2','Handy','Fenster','Abteil',0,'broken',72),(8892,'2','Ruhe','Fenster','Grossraum',0,'maintenance',13),(8893,'1','Ruhe','Fenster','Grossraum',1,'ready',22),(8894,'2','Handy','Fenster','Tisch',0,'ready',83),(8895,'2','Ruhe','Gang','Abteil',0,'maintenance',64),(8896,'2','Ruhe','Fenster','Grossraum',0,'ready',5),(8897,'1','Ruhe','Fenster','Grossraum',0,'ready',36),(8898,'2','Handy','Fenster','Abteil',0,'ready',65),(8899,'2','Ruhe','Fenster','Tisch',0,'ready',73),(8900,'2','Handy','Gang','Abteil',0,'ready',22);
INSERT INTO `seat` VALUES (8901,'1','Ruhe','Fenster','Tisch',0,'ready',75),(8902,'2','Handy','Fenster','Abteil',0,'ready',41),(8903,'2','Ruhe','Fenster','Abteil',0,'ready',2),(8904,'2','Ruhe','Fenster','Abteil',1,'ready',26),(8905,'2','Handy','Fenster','Tisch',1,'ready',90),(8906,'1','Ruhe','Gang','Abteil',1,'ready',17),(8907,'1','Handy','Gang','Grossraum',0,'ready',55),(8908,'1','Handy','Gang','Abteil',1,'ready',25),(8909,'2','Handy','Gang','Abteil',1,'ready',52),(8910,'1','Ruhe','Fenster','Abteil',1,'ready',72),(8911,'1','Ruhe','Gang','Abteil',0,'ready',46),(8912,'1','Handy','Gang','Tisch',0,'broken',32),(8913,'2','Handy','Gang','Tisch',0,'ready',84),(8914,'1','Handy','Gang','Grossraum',1,'ready',53),(8915,'2','Handy','Gang','Grossraum',0,'ready',1),(8916,'1','Handy','Gang','Abteil',0,'ready',13),(8917,'2','Ruhe','Fenster','Grossraum',0,'ready',67),(8918,'1','Ruhe','Gang','Grossraum',0,'ready',6),(8919,'2','Handy','Gang','Tisch',1,'ready',38),(8920,'2','Ruhe','Gang','Grossraum',0,'ready',28),(8921,'2','Handy','Gang','Grossraum',0,'disabled',90),(8922,'2','Ruhe','Fenster','Tisch',0,'ready',76),(8923,'1','Handy','Fenster','Tisch',0,'ready',45),(8924,'1','Ruhe','Fenster','Grossraum',1,'maintenance',22),(8925,'2','Handy','Gang','Tisch',0,'ready',57),(8926,'2','Handy','Fenster','Abteil',1,'ready',73),(8927,'1','Ruhe','Gang','Tisch',0,'disabled',49),(8928,'2','Handy','Fenster','Tisch',0,'ready',38),(8929,'1','Handy','Gang','Tisch',1,'ready',43),(8930,'2','Ruhe','Fenster','Grossraum',1,'broken',17),(8931,'2','Handy','Fenster','Abteil',0,'maintenance',44),(8932,'2','Handy','Fenster','Abteil',0,'ready',18),(8933,'1','Ruhe','Gang','Tisch',1,'ready',2),(8934,'1','Ruhe','Fenster','Abteil',0,'disabled',82),(8935,'1','Ruhe','Fenster','Tisch',1,'ready',24),(8936,'1','Ruhe','Fenster','Abteil',0,'ready',69),(8937,'2','Ruhe','Fenster','Abteil',0,'ready',48),(8938,'2','Ruhe','Gang','Abteil',0,'ready',19),(8939,'1','Ruhe','Fenster','Tisch',0,'ready',23),(8940,'2','Ruhe','Fenster','Tisch',0,'ready',43),(8941,'2','Ruhe','Fenster','Abteil',0,'ready',81),(8942,'1','Handy','Fenster','Tisch',1,'ready',60),(8943,'1','Handy','Gang','Tisch',0,'disabled',44),(8944,'2','Ruhe','Fenster','Abteil',0,'broken',54),(8945,'2','Handy','Gang','Grossraum',0,'ready',63),(8946,'2','Handy','Fenster','Tisch',0,'ready',86),(8947,'1','Ruhe','Fenster','Grossraum',0,'ready',74),(8948,'2','Ruhe','Fenster','Abteil',0,'maintenance',59),(8949,'2','Ruhe','Gang','Grossraum',0,'disabled',20),(8950,'1','Ruhe','Fenster','Grossraum',0,'ready',9);
INSERT INTO `seat` VALUES (8951,'2','Handy','Fenster','Abteil',1,'ready',23),(8952,'1','Handy','Fenster','Abteil',0,'ready',70),(8953,'1','Handy','Fenster','Tisch',0,'ready',19),(8954,'2','Handy','Fenster','Grossraum',0,'ready',54),(8955,'1','Ruhe','Fenster','Abteil',0,'maintenance',9),(8956,'1','Ruhe','Fenster','Grossraum',0,'maintenance',89),(8957,'1','Ruhe','Gang','Grossraum',0,'ready',4),(8958,'2','Ruhe','Gang','Grossraum',0,'ready',67),(8959,'1','Ruhe','Fenster','Tisch',0,'ready',79),(8960,'1','Handy','Gang','Grossraum',0,'ready',42),(8961,'2','Handy','Gang','Abteil',0,'maintenance',56),(8962,'2','Ruhe','Gang','Abteil',0,'ready',45),(8963,'1','Ruhe','Fenster','Grossraum',0,'ready',41),(8964,'1','Handy','Fenster','Abteil',0,'ready',54),(8965,'2','Handy','Gang','Grossraum',0,'disabled',64),(8966,'2','Handy','Gang','Grossraum',1,'ready',81),(8967,'1','Ruhe','Fenster','Grossraum',0,'ready',82),(8968,'1','Ruhe','Gang','Tisch',1,'ready',21),(8969,'2','Ruhe','Gang','Abteil',0,'ready',1),(8970,'2','Handy','Fenster','Tisch',1,'ready',9),(8971,'1','Handy','Fenster','Tisch',1,'ready',47),(8972,'2','Ruhe','Fenster','Tisch',0,'broken',12),(8973,'2','Ruhe','Gang','Abteil',0,'broken',9),(8974,'2','Ruhe','Fenster','Tisch',0,'broken',27),(8975,'2','Ruhe','Fenster','Grossraum',0,'ready',87),(8976,'2','Ruhe','Fenster','Grossraum',1,'ready',49),(8977,'1','Ruhe','Fenster','Abteil',1,'ready',7),(8978,'2','Ruhe','Fenster','Grossraum',0,'ready',30),(8979,'2','Handy','Gang','Tisch',1,'ready',38),(8980,'2','Ruhe','Fenster','Tisch',1,'ready',48),(8981,'1','Handy','Fenster','Abteil',0,'broken',87),(8982,'2','Handy','Fenster','Abteil',0,'ready',29),(8983,'1','Handy','Fenster','Abteil',0,'ready',74),(8984,'1','Handy','Fenster','Tisch',1,'ready',2),(8985,'1','Ruhe','Gang','Abteil',0,'ready',17),(8986,'1','Handy','Gang','Grossraum',0,'ready',80),(8987,'2','Ruhe','Fenster','Abteil',1,'ready',36),(8988,'1','Ruhe','Fenster','Abteil',0,'ready',58),(8989,'1','Handy','Fenster','Tisch',0,'ready',43),(8990,'2','Ruhe','Fenster','Grossraum',0,'ready',35),(8991,'2','Handy','Gang','Grossraum',0,'ready',85),(8992,'2','Ruhe','Fenster','Grossraum',0,'maintenance',4),(8993,'1','Handy','Fenster','Abteil',0,'ready',15),(8994,'1','Handy','Fenster','Tisch',0,'ready',85),(8995,'1','Ruhe','Gang','Abteil',0,'ready',17),(8996,'2','Ruhe','Gang','Grossraum',0,'ready',31),(8997,'2','Handy','Gang','Tisch',0,'maintenance',26),(8998,'1','Ruhe','Gang','Abteil',0,'ready',64),(8999,'2','Handy','Fenster','Tisch',0,'ready',72),(9000,'1','Ruhe','Gang','Tisch',0,'ready',5);
/*!40000 ALTER TABLE `seat` ENABLE KEYS */;
UNLOCK TABLES;

--
-- Table structure for table `seat_allocation`
--

DROP TABLE IF EXISTS `seat_allocation`;
/*!40101 SET @saved_cs_client     = @@character_set_client */;
/*!40101 SET character_set_client = utf8 */;
CREATE TABLE `seat_allocation` (
  `id` int(11) NOT NULL AUTO_INCREMENT,
  `seat_id` int(11) NOT NULL,
  `train_connection_id` int(11) NOT NULL,
  `allocated_from` bigint(20) NOT NULL,
  `allocated_until` bigint(20) NOT NULL,
  PRIMARY KEY (`id`),
  KEY `fk_seat1` (`seat_id`),
  KEY `fk_train_connection_id1` (`train_connection_id`),
  CONSTRAINT `fk_seat1` FOREIGN KEY (`seat_id`) REFERENCES `seat` (`id`) ON DELETE NO ACTION ON UPDATE NO ACTION,
  CONSTRAINT `fk_train_connection_id1` FOREIGN KEY (`train_connection_id`) REFERENCES `train_connection` (`id`) ON DELETE NO ACTION ON UPDATE NO ACTION
) ENGINE=InnoDB DEFAULT CHARSET=utf8;
/*!40101 SET character_set_client = @saved_cs_client */;

--
-- Dumping data for table `seat_allocation`
--

LOCK TABLES `seat_allocation` WRITE;
/*!40000 ALTER TABLE `seat_allocation` DISABLE KEYS */;
/*!40000 ALTER TABLE `seat_allocation` ENABLE KEYS */;
UNLOCK TABLES;

--
-- Table structure for table `station`
--

DROP TABLE IF EXISTS `station`;
/*!40101 SET @saved_cs_client     = @@character_set_client */;
/*!40101 SET character_set_client = utf8 */;
CREATE TABLE `station` (
  `id` int(11) NOT NULL AUTO_INCREMENT,
  `name` varchar(225) NOT NULL,
  PRIMARY KEY (`id`),
  UNIQUE KEY `name_UNIQUE` (`name`)
) ENGINE=InnoDB AUTO_INCREMENT=56 DEFAULT CHARSET=utf8;
/*!40101 SET character_set_client = @saved_cs_client */;

--
-- Dumping data for table `station`
--

LOCK TABLES `station` WRITE;
/*!40000 ALTER TABLE `station` DISABLE KEYS */;
INSERT INTO `station` VALUES (44,'Aachen'),(32,'Aschaffenburg'),(23,'Augsburg'),(1,'Berlin'),(40,'Bielefeld'),(3,'Bitterfeld'),(50,'Bochum'),(52,'Bonn'),(12,'Brandenburg'),(14,'Braunschweig'),(42,'Bremen'),(25,'Bruchsal'),(46,'Dortmund'),(36,'Dresden'),(47,'Duesseldorf'),(49,'Duisburg'),(5,'Erfurt'),(48,'Essen'),(19,'Frankfurt am Main'),(6,'Fulda'),(55,'Gelsenkirchen'),(31,'Goeppingen'),(16,'Goettingen'),(30,'Guenzburg'),(33,'Hamburg'),(18,'Hanau'),(39,'Hannover'),(24,'Heidelberg'),(15,'Hildesheim'),(9,'Ingolstadt'),(35,'Jena'),(26,'Karlsruhe'),(17,'Kassel-Wilhelmshoehe'),(37,'Kiel'),(45,'Koeln'),(4,'Leipzig'),(28,'Ludwigsburg'),(43,'Luebeck'),(2,'Lutherstadt Wittenberg'),(13,'Magdeburg'),(20,'Mannheim'),(10,'Muenchen'),(53,'Muenster'),(8,'Nuernberg'),(29,'Plochingen'),(11,'Potsdam'),(38,'Recklinghausen'),(41,'Saarbruecken'),(21,'Stuttgart'),(22,'Ulm'),(27,'Vaihingen'),(54,'Wiesbaden'),(34,'Wolfsburg'),(7,'Wuerzburg'),(51,'Wuppertal');
/*!40000 ALTER TABLE `station` ENABLE KEYS */;
UNLOCK TABLES;

--
-- Table structure for table `train`
--

DROP TABLE IF EXISTS `train`;
/*!40101 SET @saved_cs_client     = @@character_set_client */;
/*!40101 SET character_set_client = utf8 */;
CREATE TABLE `train` (
  `id` int(11) NOT NULL AUTO_INCREMENT,
  `number` int(11) NOT NULL,
  `category` enum('ICE','IC','EC','CNL','TGV','Thalis','railjet') NOT NULL,
  PRIMARY KEY (`id`),
  UNIQUE KEY `number_UNIQUE` (`number`)
) ENGINE=InnoDB AUTO_INCREMENT=30 DEFAULT CHARSET=utf8;
/*!40101 SET character_set_client = @saved_cs_client */;

--
-- Dumping data for table `train`
--

LOCK TABLES `train` WRITE;
/*!40000 ALTER TABLE `train` DISABLE KEYS */;
INSERT INTO `train` VALUES (1,781,'ICE'),(2,1583,'ICE'),(3,1585,'ICE'),(4,1587,'ICE'),(5,1589,'ICE'),(6,1209,'ICE'),(7,691,'ICE'),(8,1683,'ICE'),(9,1685,'ICE'),(10,1687,'ICE'),(11,619,'ICE'),(12,61479,'IC'),(13,827,'ICE'),(14,521,'ICE'),(15,523,'ICE'),(16,525,'ICE'),(17,527,'ICE'),(18,529,'ICE'),(19,1091,'ICE'),(20,621,'ICE'),(21,623,'ICE'),(22,625,'ICE'),(23,627,'ICE'),(24,629,'ICE'),(25,721,'ICE'),(26,723,'ICE'),(27,725,'ICE'),(28,727,'ICE'),(29,729,'ICE');
/*!40000 ALTER TABLE `train` ENABLE KEYS */;
UNLOCK TABLES;

--
-- Table structure for table `train_connection`
--

DROP TABLE IF EXISTS `train_connection`;
/*!40101 SET @saved_cs_client     = @@character_set_client */;
/*!40101 SET character_set_client = utf8 */;
CREATE TABLE `train_connection` (
  `id` int(11) NOT NULL AUTO_INCREMENT,
  `route_id` int(11) NOT NULL,
  `train_id` int(11) NOT NULL,
  `departure_time` bigint(20) NOT NULL,
  `day_of_week` int(1) NOT NULL,
  PRIMARY KEY (`id`),
  UNIQUE KEY `unique_route_train_departure_day` (`route_id`,`train_id`,`departure_time`,`day_of_week`),
  KEY `fk_route_idx2` (`route_id`),
  KEY `fk_train_idx1` (`train_id`),
  CONSTRAINT `fk_route2` FOREIGN KEY (`route_id`) REFERENCES `route` (`id`) ON DELETE NO ACTION ON UPDATE NO ACTION,
  CONSTRAINT `fk_train1` FOREIGN KEY (`train_id`) REFERENCES `train` (`id`) ON DELETE NO ACTION ON UPDATE NO ACTION
) ENGINE=InnoDB AUTO_INCREMENT=200 DEFAULT CHARSET=utf8;
/*!40101 SET character_set_client = @saved_cs_client */;

--
-- Dumping data for table `train_connection`
--

LOCK TABLES `train_connection` WRITE;
/*!40000 ALTER TABLE `train_connection` DISABLE KEYS */;
INSERT INTO `train_connection` VALUES (1,1,1,9720000,1),(47,1,1,9720000,6),(57,1,1,9720000,7),(2,2,2,16020000,1),(11,2,2,16020000,2),(20,2,2,16020000,3),(29,2,2,16020000,4),(38,2,2,16020000,5),(48,2,2,16020000,6),(58,2,2,16020000,7),(3,2,3,23220000,1),(12,2,3,23220000,2),(21,2,3,23220000,3),(30,2,3,23220000,4),(39,2,3,23220000,5),(49,2,3,23220000,6),(59,2,3,23220000,7),(4,2,4,30420000,1),(13,2,4,30420000,2),(22,2,4,30420000,3),(31,2,4,30420000,4),(40,2,4,30420000,5),(50,2,4,30420000,6),(60,2,4,30420000,7),(5,2,5,37620000,1),(14,2,5,37620000,2),(23,2,5,37620000,3),(32,2,5,37620000,4),(41,2,5,37620000,5),(51,2,5,37620000,6),(61,2,5,37620000,7),(6,2,6,44820000,1),(15,2,6,44820000,2),(24,2,6,44820000,3),(33,2,6,44820000,4),(42,2,6,44820000,5),(52,2,6,44820000,6),(62,2,6,44820000,7),(8,2,8,52020000,1),(17,2,8,52020000,2),(26,2,8,52020000,3),(35,2,8,52020000,4),(44,2,8,52020000,5),(54,2,8,52020000,6),(64,2,8,52020000,7),(9,2,9,59220000,1),(18,2,9,59220000,2),(27,2,9,59220000,3),(36,2,9,59220000,4),(45,2,9,59220000,5);
INSERT INTO `train_connection` VALUES (55,2,9,59220000,6),(65,2,9,59220000,7),(10,2,10,66420000,1),(19,2,10,66420000,2),(28,2,10,66420000,3),(37,2,10,66420000,4),(46,2,10,66420000,5),(56,2,10,66420000,6),(66,2,10,66420000,7),(7,3,7,48780000,1),(16,3,7,48780000,2),(25,3,7,48780000,3),(34,3,7,48780000,4),(43,3,7,48780000,5),(53,3,7,48780000,6),(63,3,7,48780000,7),(67,4,11,540000,1),(86,4,11,540000,2),(105,4,11,540000,3),(124,4,11,540000,4),(143,4,11,540000,5),(162,4,11,540000,6),(181,4,11,540000,7),(68,5,12,8700000,1),(87,5,12,8700000,2),(106,5,12,8700000,3),(125,5,12,8700000,4),(144,5,12,8700000,5),(163,5,12,8700000,6),(182,5,12,8700000,7),(69,6,13,17640000,1),(88,6,13,17640000,2),(107,6,13,17640000,3),(126,6,13,17640000,4),(145,6,13,17640000,5),(164,6,13,17640000,6),(183,6,13,17640000,7),(70,7,14,21240000,1),(89,7,14,21240000,2),(108,7,14,21240000,3),(127,7,14,21240000,4),(146,7,14,21240000,5),(165,7,14,21240000,6),(184,7,14,21240000,7),(71,7,15,24840000,1),(90,7,15,24840000,2),(109,7,15,24840000,3),(128,7,15,24840000,4),(147,7,15,24840000,5),(166,7,15,24840000,6);
INSERT INTO `train_connection` VALUES (185,7,15,24840000,7),(72,7,16,28440000,1),(91,7,16,28440000,2),(110,7,16,28440000,3),(129,7,16,28440000,4),(148,7,16,28440000,5),(167,7,16,28440000,6),(186,7,16,28440000,7),(73,7,17,32040000,1),(92,7,17,32040000,2),(111,7,17,32040000,3),(130,7,17,32040000,4),(149,7,17,32040000,5),(168,7,17,32040000,6),(187,7,17,32040000,7),(74,7,18,35640000,1),(93,7,18,35640000,2),(112,7,18,35640000,3),(131,7,18,35640000,4),(150,7,18,35640000,5),(169,7,18,35640000,6),(188,7,18,35640000,7),(76,7,20,39240000,1),(95,7,20,39240000,2),(114,7,20,39240000,3),(133,7,20,39240000,4),(152,7,20,39240000,5),(171,7,20,39240000,6),(190,7,20,39240000,7),(77,7,21,42840000,1),(96,7,21,42840000,2),(115,7,21,42840000,3),(134,7,21,42840000,4),(153,7,21,42840000,5),(172,7,21,42840000,6),(191,7,21,42840000,7),(78,7,22,46440000,1),(97,7,22,46440000,2),(116,7,22,46440000,3),(135,7,22,46440000,4),(154,7,22,46440000,5),(173,7,22,46440000,6),(192,7,22,46440000,7),(79,7,23,50040000,1),(98,7,23,50040000,2),(117,7,23,50040000,3),(136,7,23,50040000,4),(155,7,23,50040000,5),(174,7,23,50040000,6),(193,7,23,50040000,7);
INSERT INTO `train_connection` VALUES (80,7,24,53640000,1),(99,7,24,53640000,2),(118,7,24,53640000,3),(137,7,24,53640000,4),(156,7,24,53640000,5),(175,7,24,53640000,6),(194,7,24,53640000,7),(81,7,25,57240000,1),(100,7,25,57240000,2),(119,7,25,57240000,3),(138,7,25,57240000,4),(157,7,25,57240000,5),(176,7,25,57240000,6),(195,7,25,57240000,7),(82,7,26,60840000,1),(101,7,26,60840000,2),(120,7,26,60840000,3),(139,7,26,60840000,4),(158,7,26,60840000,5),(177,7,26,60840000,6),(196,7,26,60840000,7),(83,7,27,64440000,1),(102,7,27,64440000,2),(121,7,27,64440000,3),(140,7,27,64440000,4),(159,7,27,64440000,5),(178,7,27,64440000,6),(197,7,27,64440000,7),(84,7,28,68040000,1),(103,7,28,68040000,2),(122,7,28,68040000,3),(141,7,28,68040000,4),(160,7,28,68040000,5),(179,7,28,68040000,6),(198,7,28,68040000,7),(85,7,29,71640000,1),(104,7,29,71640000,2),(123,7,29,71640000,3),(142,7,29,71640000,4),(161,7,29,71640000,5),(180,7,29,71640000,6),(199,7,29,71640000,7),(75,8,19,36180000,1),(94,8,19,36180000,2),(113,8,19,36180000,3),(132,8,19,36180000,4),(151,8,19,36180000,5),(170,8,19,36180000,6),(189,8,19,36180000,7);
/*!40000 ALTER TABLE `train_connection` ENABLE KEYS */;
UNLOCK TABLES;

--
-- Table structure for table `train_connection_cancellation`
--

DROP TABLE IF EXISTS `train_connection_cancellation`;
/*!40101 SET @saved_cs_client     = @@character_set_client */;
/*!40101 SET character_set_client = utf8 */;
CREATE TABLE `train_connection_cancellation` (
  `id` int(11) NOT NULL AUTO_INCREMENT,
  `train_connection_id` int(11) NOT NULL,
  `date` bigint(20) NOT NULL,
  PRIMARY KEY (`id`),
  UNIQUE KEY `unique_train_connection_date` (`train_connection_id`,`date`),
  KEY `fk_train_connection_idx1` (`train_connection_id`),
  CONSTRAINT `fk_train_connection2` FOREIGN KEY (`train_connection_id`) REFERENCES `train_connection` (`id`) ON DELETE NO ACTION ON UPDATE NO ACTION
) ENGINE=InnoDB DEFAULT CHARSET=utf8;
/*!40101 SET character_set_client = @saved_cs_client */;

--
-- Dumping data for table `train_connection_cancellation`
--

LOCK TABLES `train_connection_cancellation` WRITE;
/*!40000 ALTER TABLE `train_connection_cancellation` DISABLE KEYS */;
/*!40000 ALTER TABLE `train_connection_cancellation` ENABLE KEYS */;
UNLOCK TABLES;

--
-- Table structure for table `wagon`
--

DROP TABLE IF EXISTS `wagon`;
/*!40101 SET @saved_cs_client     = @@character_set_client */;
/*!40101 SET character_set_client = utf8 */;
CREATE TABLE `wagon` (
  `id` int(11) NOT NULL AUTO_INCREMENT,
  `state` varchar(45) DEFAULT 'ready',
  PRIMARY KEY (`id`)
) ENGINE=InnoDB AUTO_INCREMENT=181 DEFAULT CHARSET=utf8;
/*!40101 SET character_set_client = @saved_cs_client */;

--
-- Dumping data for table `wagon`
--

LOCK TABLES `wagon` WRITE;
/*!40000 ALTER TABLE `wagon` DISABLE KEYS */;
INSERT INTO `wagon` VALUES (1,'maintenance'),(2,'ready'),(3,'ready'),(4,'ready'),(5,'ready'),(6,'ready'),(7,'ready'),(8,'ready'),(9,'broken'),(10,'ready'),(11,'ready'),(12,'ready'),(13,'maintenance'),(14,'ready'),(15,'ready'),(16,'maintenance'),(17,'ready'),(18,'broken'),(19,'ready'),(20,'ready'),(21,'ready'),(22,'ready'),(23,'ready'),(24,'ready'),(25,'ready'),(26,'ready'),(27,'ready'),(28,'ready'),(29,'disabled'),(30,'ready'),(31,'disabled'),(32,'ready'),(33,'ready'),(34,'ready'),(35,'ready'),(36,'ready'),(37,'ready'),(38,'ready'),(39,'ready'),(40,'ready'),(41,'ready'),(42,'ready'),(43,'ready'),(44,'ready'),(45,'ready'),(46,'ready'),(47,'broken'),(48,'ready'),(49,'ready'),(50,'broken');
INSERT INTO `wagon` VALUES (51,'ready'),(52,'ready'),(53,'ready'),(54,'ready'),(55,'ready'),(56,'ready'),(57,'ready'),(58,'ready'),(59,'disabled'),(60,'maintenance'),(61,'ready'),(62,'ready'),(63,'ready'),(64,'disabled'),(65,'ready'),(66,'broken'),(67,'ready'),(68,'ready'),(69,'ready'),(70,'ready'),(71,'ready'),(72,'ready'),(73,'ready'),(74,'ready'),(75,'ready'),(76,'ready'),(77,'ready'),(78,'ready'),(79,'maintenance'),(80,'disabled'),(81,'ready'),(82,'ready'),(83,'broken'),(84,'ready'),(85,'ready'),(86,'ready'),(87,'ready'),(88,'ready'),(89,'maintenance'),(90,'ready');
/*!40000 ALTER TABLE `wagon` ENABLE KEYS */;
UNLOCK TABLES;

--
-- Table structure for table `wagon_train_connection`
--

DROP TABLE IF EXISTS `wagon_train_connection`;
/*!40101 SET @saved_cs_client     = @@character_set_client */;
/*!40101 SET character_set_client = utf8 */;
CREATE TABLE `wagon_train_connection` (
  `id` int(11) NOT NULL AUTO_INCREMENT,
  `wagon_id` int(11) NOT NULL,
  `train_connection_id` int(11) NOT NULL,
  `wagon_number` int(11) DEFAULT NULL,
  PRIMARY KEY (`id`),
  UNIQUE KEY `unique_wagon_train_connection` (`wagon_id`,`train_connection_id`),
  KEY `fk_train_connection3` (`train_connection_id`),
  CONSTRAINT `fk_train_connection3` FOREIGN KEY (`train_connection_id`) REFERENCES `train_connection` (`id`) ON DELETE NO ACTION ON UPDATE NO ACTION,
  CONSTRAINT `fk_wagon2` FOREIGN KEY (`wagon_id`) REFERENCES `wagon` (`id`) ON DELETE NO ACTION ON UPDATE NO ACTION
) ENGINE=InnoDB AUTO_INCREMENT=2997 DEFAULT CHARSET=utf8;
/*!40101 SET character_set_client = @saved_cs_client */;

--
-- Dumping data for table `wagon_train_connection`
--

LOCK TABLES `wagon_train_connection` WRITE;
/*!40000 ALTER TABLE `wagon_train_connection` DISABLE KEYS */;
INSERT INTO `wagon_train_connection` VALUES (1,59,132,457),(2,49,10,535),(3,56,3,109),(4,46,76,449),(5,85,163,101),(6,87,160,571),(7,15,127,220),(8,69,153,485),(9,88,57,351),(10,23,94,447),(11,14,48,354),(12,29,129,494),(13,6,148,127),(14,62,31,569),(15,90,114,226),(16,85,108,197),(17,10,80,351),(18,89,71,373),(19,2,38,237),(20,81,119,170),(21,42,119,361),(22,29,18,379),(23,76,62,437),(24,15,136,37),(25,31,120,302),(26,40,112,252),(27,17,16,477),(28,68,34,384),(29,65,35,525),(30,23,6,546),(31,5,60,479),(32,62,41,522),(33,44,160,555),(34,35,133,91),(35,23,25,542),(36,60,104,384),(37,55,21,111),(38,33,33,228),(39,75,35,572),(40,23,159,598),(41,52,5,139),(42,85,136,73),(43,81,48,239),(44,2,74,193),(45,1,7,12),(46,75,1,536),(47,49,56,505),(48,85,105,501),(49,7,149,507),(50,9,26,332);
INSERT INTO `wagon_train_connection` VALUES (51,56,78,493),(52,25,56,428),(53,1,32,2),(54,16,160,522),(55,34,123,537),(56,44,34,215),(57,26,78,183),(58,75,154,236),(59,24,121,398),(60,17,134,422),(61,44,193,331),(62,27,97,185),(63,70,6,379),(64,48,173,11),(65,77,136,143),(66,79,197,98),(67,22,31,49),(68,9,96,149),(69,38,147,322),(70,1,24,29),(71,79,70,224),(72,14,181,194),(73,3,121,267),(74,6,64,541),(75,80,47,144),(76,33,49,63),(77,74,55,483),(78,55,57,9),(79,16,57,473),(80,41,95,202),(81,61,70,7),(82,71,168,380),(83,80,3,447),(84,15,125,45),(85,15,78,199),(86,44,166,124),(87,45,28,479),(88,47,129,449),(89,1,97,514),(90,44,66,335),(91,51,146,547),(92,13,158,226),(93,70,49,563),(94,88,83,81),(95,76,176,436),(96,90,107,19),(97,5,147,332),(98,82,125,109),(99,51,42,67),(100,26,43,359);
INSERT INTO `wagon_train_connection` VALUES (101,80,145,344),(102,62,175,81),(103,8,54,473),(104,74,152,395),(105,71,82,598),(106,37,39,80),(107,5,118,272),(108,5,138,255),(109,89,31,225),(110,33,72,316),(111,35,185,272),(112,66,49,199),(113,14,104,596),(114,44,14,595),(115,40,26,422),(116,54,80,524),(117,48,137,547),(118,72,145,321),(119,28,73,181),(120,20,122,433),(121,1,120,210),(122,87,98,451),(123,73,180,256),(124,33,91,29),(125,17,187,497),(126,60,63,66),(127,31,177,339),(128,44,106,422),(129,13,93,574),(130,85,180,435),(131,19,52,581),(132,67,83,425),(133,69,73,207),(134,40,8,370),(135,61,200,249),(136,81,160,165),(137,1,143,86),(138,24,92,333),(139,63,53,270),(140,53,98,466),(141,76,187,330),(142,6,143,556),(143,86,47,318),(144,60,83,180),(145,71,6,78),(146,37,193,72),(147,73,9,259),(148,75,22,293),(149,55,195,335),(150,18,34,342);
INSERT INTO `wagon_train_connection` VALUES (151,37,40,321),(152,35,8,394),(153,18,1,248),(154,39,150,166),(155,4,185,565),(156,52,166,411),(157,75,112,341),(158,78,138,341),(159,18,89,563),(160,66,196,376),(161,58,168,268),(162,87,194,216),(163,29,182,220),(164,52,79,91),(165,2,86,185),(166,70,119,241),(167,8,194,237),(168,84,187,4),(169,79,176,179),(170,80,184,211),(171,41,26,238),(172,31,42,522),(173,57,177,264),(174,58,40,400),(175,1,165,37),(176,13,127,496),(177,14,79,23),(178,54,119,101),(179,55,155,121),(180,54,197,131),(181,75,40,396),(182,17,122,336),(183,60,79,139),(184,82,71,341),(185,40,124,254),(186,40,94,175),(187,64,136,599),(188,50,4,275),(189,43,86,525),(190,39,105,475),(191,15,144,363),(192,70,44,1),(193,36,196,322),(194,31,170,86),(195,12,86,46),(196,47,82,243),(197,59,119,377),(198,65,102,289),(199,62,194,109),(200,39,108,418);
INSERT INTO `wagon_train_connection` VALUES (201,29,135,153),(202,11,134,270),(203,10,25,308),(204,23,5,61),(205,1,72,143),(206,40,196,409),(207,6,162,464),(208,34,50,263),(209,8,71,353),(210,46,86,80),(211,20,138,588),(212,55,118,313),(213,38,101,413),(214,58,82,463),(215,59,182,185),(216,11,55,349),(217,16,157,64),(218,24,12,404),(219,20,44,290),(220,41,124,449),(221,7,177,406),(222,86,18,173),(223,46,117,308),(224,90,139,258),(225,55,47,75),(226,82,159,307),(227,56,171,563),(228,38,34,117),(229,89,128,467),(230,79,76,401),(231,84,176,566),(232,51,164,568),(233,81,171,462),(234,74,52,509),(235,74,23,403),(236,9,53,340),(237,84,171,323),(238,46,177,6),(239,26,79,453),(240,32,158,99),(241,19,51,327),(242,49,9,185),(243,10,73,482),(244,82,93,463),(245,89,121,584),(246,7,48,571),(247,36,117,334),(248,81,195,118),(249,72,134,440),(250,42,123,204);
INSERT INTO `wagon_train_connection` VALUES (251,73,152,288),(252,22,56,303),(253,81,152,132),(254,40,81,202),(255,71,139,74),(256,62,110,364),(257,8,74,170),(258,20,158,60),(259,39,126,589),(260,50,113,496),(261,20,25,214),(262,31,28,532),(263,14,154,251),(264,59,175,162),(265,56,43,312),(266,78,53,114),(267,54,154,131),(268,68,117,257),(269,75,194,373),(270,50,143,539),(271,30,167,251),(272,54,180,308),(273,65,33,329),(274,28,78,184),(275,23,29,585),(276,2,108,416),(277,7,82,188),(278,56,47,410),(279,46,24,576),(280,56,92,217),(281,32,61,338),(282,74,80,535),(283,8,90,175),(284,83,107,320),(285,62,92,343),(286,62,24,368),(287,84,59,488),(288,80,46,307),(289,8,162,244),(290,20,56,118),(291,3,174,336),(292,46,155,134),(293,35,145,138),(294,15,25,363),(295,78,118,183),(296,55,55,528),(297,18,66,474),(298,66,166,587),(299,79,13,208),(300,20,163,140);
INSERT INTO `wagon_train_connection` VALUES (301,84,107,145),(302,31,173,525),(303,77,144,30),(304,59,173,425),(305,10,51,496),(306,29,9,265),(307,7,76,446),(308,50,46,349),(309,24,22,276),(310,69,40,56),(311,9,81,46),(312,54,41,591),(313,62,56,332),(314,35,15,144),(315,40,85,90),(316,5,143,532),(317,40,28,289),(318,42,160,28),(319,54,27,242),(320,33,28,78),(321,53,83,583),(322,42,39,303),(323,41,74,595),(324,68,145,382),(325,23,138,270),(326,26,77,188),(327,65,93,16),(328,90,109,263),(329,88,12,48),(330,27,164,5),(331,77,162,172),(332,67,188,508),(333,68,113,88),(334,18,190,476),(335,89,17,122),(336,89,36,1),(337,89,140,184),(338,60,101,190),(339,77,52,260),(340,60,140,324),(341,79,140,279),(342,63,159,6),(343,68,33,579),(344,18,160,401),(345,67,178,400),(346,77,132,381),(347,71,53,323),(348,76,151,586),(349,11,156,250),(350,46,198,24);
INSERT INTO `wagon_train_connection` VALUES (351,4,45,284),(352,81,156,221),(353,18,95,383),(354,28,85,378),(355,27,151,149),(356,21,182,30),(357,36,77,267),(358,77,195,500),(359,58,105,554),(360,14,23,56),(361,30,64,150),(362,38,170,187),(363,27,179,248),(364,44,94,403),(365,40,114,255),(366,65,147,356),(367,6,61,446),(368,4,143,468),(369,68,14,563),(370,89,111,114),(371,85,81,362),(372,66,26,135),(373,30,36,325),(374,33,124,3),(375,1,103,114),(376,81,76,525),(377,83,141,14),(378,21,168,100),(379,48,60,511),(380,90,118,303),(381,76,179,316),(382,21,138,561),(383,6,126,557),(384,39,129,589),(385,57,195,549),(386,3,168,193),(387,32,118,149),(388,11,28,413),(389,58,15,239),(390,4,81,471),(391,88,72,419),(392,41,61,177),(393,1,153,152),(394,55,123,395),(395,58,171,32),(396,44,43,341),(397,84,189,124),(398,13,77,388),(399,79,143,347),(400,23,166,287);
INSERT INTO `wagon_train_connection` VALUES (401,66,195,123),(402,57,7,455),(403,69,33,59),(404,49,169,419),(405,88,119,454),(406,49,49,41),(407,4,7,132),(408,8,128,82),(409,21,180,515),(410,57,56,583),(411,89,77,57),(412,32,186,456),(413,25,103,78),(414,50,117,267),(415,59,121,443),(416,87,182,255),(417,49,179,276),(418,38,76,47),(419,21,50,87),(420,83,34,580),(421,40,135,171),(422,81,95,104),(423,14,92,558),(424,67,120,583),(425,64,5,435),(426,39,159,580),(427,47,167,66),(428,61,47,64),(429,27,83,97),(430,71,93,226),(431,34,164,356),(432,7,194,368),(433,30,110,208),(434,85,198,49),(435,67,142,283),(436,49,189,513),(437,6,114,52),(438,21,7,231),(439,42,63,176),(440,27,192,516),(441,28,110,273),(442,37,172,395),(443,16,56,90),(444,50,105,303),(445,21,94,267),(446,69,83,432),(447,8,23,294),(448,27,199,567),(449,2,180,548),(450,26,16,452);
INSERT INTO `wagon_train_connection` VALUES (451,78,149,337),(452,32,167,60),(453,17,199,106),(454,24,78,125),(455,66,48,521),(456,12,145,434),(457,55,162,338),(458,55,167,450),(459,20,90,316),(460,7,29,209),(461,35,126,213),(462,20,115,501),(463,70,139,567),(464,74,193,163),(465,50,159,363),(466,84,65,406),(467,33,183,485),(468,41,191,537),(469,22,182,24),(470,49,64,37),(471,74,81,501),(472,51,124,523),(473,13,128,503),(474,63,168,33),(475,90,59,393),(476,23,133,493),(477,56,35,67),(478,82,102,81),(479,43,28,111),(480,67,30,325),(481,73,158,312),(482,2,148,470),(483,54,138,11),(484,66,169,192),(485,21,111,290),(486,67,181,577),(487,40,42,163),(488,4,1,387),(489,79,129,527),(490,40,92,136),(491,27,69,483),(492,43,152,343),(493,86,157,154),(494,79,8,511),(495,72,106,247),(496,71,54,430),(497,38,85,221),(498,85,96,18);
/*!40000 ALTER TABLE `wagon_train_connection` ENABLE KEYS */;
UNLOCK TABLES;
/*!40103 SET TIME_ZONE=@OLD_TIME_ZONE */;

/*!40101 SET SQL_MODE=@OLD_SQL_MODE */;
/*!40014 SET FOREIGN_KEY_CHECKS=@OLD_FOREIGN_KEY_CHECKS */;
/*!40014 SET UNIQUE_CHECKS=@OLD_UNIQUE_CHECKS */;
/*!40101 SET CHARACTER_SET_CLIENT=@OLD_CHARACTER_SET_CLIENT */;
/*!40101 SET CHARACTER_SET_RESULTS=@OLD_CHARACTER_SET_RESULTS */;
/*!40101 SET COLLATION_CONNECTION=@OLD_COLLATION_CONNECTION */;
/*!40111 SET SQL_NOTES=@OLD_SQL_NOTES */;

-- Dump completed on 2016-04-07 13:18:23
